Loan_ID,Applicant_Name,Application_Date,Credit_Score,Applicant_Income,Coapplicant_Income,Loan_Amount,Loan_Amount_Term,Debt_to_Income_Ratio,Employment_Duration,Employment_Type,Property_Area,Dependents,Loan_Status
LP001861,Dakota Thomas,2026-08-14,649.0,2990.0,410.0,NA,360,0.204,2.6,Salaried,Semiurban,1,Rejected
LP000354,Reese Wilson,2025-04-13,646.0,5570.0,8590.0,180100.0,360,0.073,4.3,Self-Employed,Urban,0,Approved
LP001334,Peyton Davis,2026-03-11,787.0,7620.0,6640.0,155400.0,180,0.426,2.5,Salaried,Urban,0,Approved
LP000906,Casey Johnson,2025-01-11,664.0,3800.0,2570.0,250800.0,360,0.343,1.9,Salaried,Semiurban,1,Rejected
LP001290,Logan Hernandez,2026-05-18,477.0,7860.0,null,239900.0,360,null,4.8,Salaried,Semiurban,,Rejected
LP001274,Pat Thomas,2025-06-09,633.0,6960.0,0.0,169700.0,480,0.42,6.3,Salaried,Urban,0,Approved
LP000939,Rowan Jones,2026-06-18,--,4050.0,1490.0,118100.0,180,0.269,6.9,Self-Employed,Rural,0,Approved
LP001732,Casey Hernandez,2026-02-02,630.0,4040.0,0.0,220500.0,240,0.315,6.3,Self-Employed,Semiurban,3+,Rejected
LP000066,Kendall Rodriguez,2026-05-16,775.0,4460.0,0.0,,240,0.31,2.2,Unemployed,Rural,0,Rejected
LP001324,Alex Taylor,2026-07-16,701.0,7050.0,3040.0,227900.0,360,0.401,6.2,Salaried,Semiurban,NA,Approved
LP000057,Quinn Williams,2025-10-08,589.0,4920.0,2650.0,122100.0,360,0.245,--,Salaried,Semiurban,2,Approved
LP001293,Sam Smith,2025-10-14,659.0,,2980.0,174900.0,360,0.506,6.5,Self-Employed,Urban,null,Rejected
LP001119,Pat Moore,2026-05-11,677.0,--,0.0,46500.0,240,0.298,7.0,Self-Employed,Rural,1,Approved
LP000585,Sam Davis,2025-01-26,675.0,3990.0,0.0,138100.0,120,0.542,5.8,Unemployed,Semiurban,1,Rejected
LP000375,Avery Davis,2025-07-07,843.0,4900.0,0.0,184100.0,360,0.371,14.7,Salaried,Rural,2,Approved
LP000276,Reese Garcia,2026-08-27,699.0,9520.0,0.0,155000.0,360,0.384,0.3,Salaried,Urban,0,Approved
LP000747,Morgan Davis,2025-09-22,676.0,8440.0,0.0,245900.0,360,0.372,6.1,Salaried,Semiurban,2,Approved
LP000129,Quinn Thomas,2025-10-11,668.0,4580.0,2400.0,120000.0,480,0.232,4.4,Salaried,Rural,3+,Approved
LP001647,Skyler Wilson,2025-12-13,644.0,3020.0,0.0,147300.0,240,0.439,1.6,Self-Employed,Rural,2,Rejected
LP001853,Jamie Anderson,2026-05-10,559.0,2670.0,0.0,185200.0,480,0.419,2.3,Self-Employed,Urban,0,Rejected
LP000675,Dakota Brown,2026-07-04,540.0,6030.0,0.0,139700.0,360,0.372,10.2,,Rural,0,Approved
LP001665,Alex Jones,2025-05-18,770.0,6950.0,0.0,157400.0,360,0.42,5.3,null,Semiurban,1,Rejected
LP001606,Jamie Lopez,2025-08-02,579.0,4840.0,5090.0,305000.0,360,0.309,1.5,Salaried,Semiurban,0,Rejected
LP001084,Rowan Gonzalez,2025-07-13,837.0,3010.0,0.0,97100.0,360,0.301,2.5,Salaried,Urban,1,Approved
LP001923,Morgan Anderson,2025-09-10,569.0,2840.0,1800.0,220100.0,180,0.6,4.3,Self-Employed,Rural,0,Rejected
LP000100,Riley Smith,2026-09-15,640.0,5310.0,2280.0,153500.0,240,0.332,7.1,Self-Employed,Rural,1,Approved
LP001180,Dakota Moore,2025-06-11,566.0,4000.0,NA,267200.0,120,0.461,0.9,Salaried,Semiurban,0,Rejected
LP000965,Sam Davis,2026-03-27,--,6920.0,1420.0,30800.0,120,0.348,1.2,Self-Employed,Rural,0,Approved
LP000793,Chris Lopez,2025-01-06,683.0,5020.0,2320.0,199700.0,360,0.36,8.4,Salaried,Rural,1,Rejected
LP000030,Avery Williams,2026-03-29,635.0,6020.0,0.0,268500.0,360,0.297,5.0,Salaried,Semiurban,1,Rejected
LP000629,Sam Martin,2025-07-21,665.0,5660.0,11910.0,156500.0,360,0.405,1.7,Unemployed,Semiurban,2,Rejected
LP000945,Jamie Rodriguez,2025-06-28,817.0,6340.0,2200.0,184900.0,360,,0.7,Salaried,Semiurban,0,Approved
LP000573,Jordan Jackson,2025-12-27,688.0,5910.0,1390.0,159700.0,360,0.211,,Salaried,Semiurban,1,Approved
LP000908,Logan Johnson,2026-09-21,723.0,4380.0,0.0,103200.0,360,0.266,8.9,Salaried,Semiurban,0,Approved
LP001081,Riley Johnson,2026-07-11,630.0,1420.0,6190.0,123700.0,120,0.31,5.3,Unemployed,Urban,3+,Rejected
LP000451,Casey Smith,2026-03-31,655.0,3430.0,0.0,165500.0,360,0.364,4.8,Salaried,Semiurban,0,Rejected
LP001610,Skyler Jackson,2025-11-27,639.0,2570.0,1530.0,146600.0,360,0.337,8.2,Salaried,Rural,0,Rejected
LP001291,Dakota Johnson,2025-07-07,693.0,4950.0,3430.0,264100.0,180,0.374,4.0,Unemployed,Rural,2,Rejected
LP001079,Quinn Rodriguez,2025-10-18,788.0,3810.0,1170.0,115200.0,360,0.477,7.6,Self-Employed,Rural,null,Approved
LP000255,Avery Davis,2025-11-02,531.0,3050.0,1740.0,318900.0,180,0.248,2.9,Salaried,Semiurban,0,Rejected
LP000125,Morgan Johnson,2025-03-07,710.0,3610.0,2350.0,129900.0,360,0.383,3.1,Self-Employed,Semiurban,1,Approved
LP001928,Dakota Miller,2025-11-28,636.0,5550.0,0.0,208000.0,240,0.511,3.0,Contract,Urban,0,Rejected
LP000252,Avery Taylor,2025-06-21,738.0,4470.0,1990.0,116000.0,480,0.381,3.9,Salaried,Semiurban,2,Approved
LP000586,Cameron Moore,2026-01-26,681.0,4240.0,0.0,145500.0,240,0.433,0.2,Salaried,Rural,0,Rejected
LP001569,Jamie Jackson,2025-08-27,527.0,9320.0,2430.0,205000.0,180,--,9.9,Salaried,Urban,0,Rejected
LP000825,Chris Martin,2025-07-22,622.0,,0.0,150100.0,180,0.287,6.9,Salaried,Rural,1,Rejected
LP000508,Reese Hernandez,2025-07-12,587.0,5540.0,0.0,55900.0,180,0.356,1.9,Salaried,Urban,0,Rejected
LP000890,Alex Lopez,2026-07-07,754.0,4540.0,2290.0,239500.0,180,0.432,5.0,Salaried,Semiurban,0,Approved
LP000071,Skyler Garcia,2026-08-24,691.0,5060.0,3720.0,145600.0,180,0.419,7.0,null,Rural,0,Approved
LP001609,Sam Williams,2025-11-16,687.0,4640.0,620.0,294300.0,180,0.326,1.7,Self-Employed,Semiurban,2,Rejected
LP001533,Morgan Rodriguez,2025-03-23,687.0,4100.0,3290.0,163300.0,120,0.123,15.8,Unemployed,Rural,0,Rejected
LP000248,Reese Anderson,2026-01-28,,4960.0,0.0,216900.0,360,0.447,0.6,Salaried,Urban,0,Rejected
LP001451,Casey Davis,2026-02-11,686.0,6280.0,2730.0,151300.0,180,0.152,1.0,Self-Employed,Rural,3+,Approved
LP000213,Pat Gonzalez,2025-03-01,741.0,6310.0,0.0,123300.0,,0.482,2.4,Self-Employed,Semiurban,3+,Approved
LP000910,Morgan Lopez,2026-06-11,844.0,5420.0,2380.0,37000.0,360,0.289,5.1,Self-Employed,Rural,0,Approved
LP001742,Morgan Moore,2025-01-14,646.0,?,0.0,73300.0,360,0.506,6.8,Contract,Urban,0,Approved
LP001245,Skyler Davis,2025-01-10,605.0,2280.0,4280.0,256600.0,360,0.367,6.7,Contract,Urban,0,Rejected
LP001697,Chris Davis,2025-07-09,575.0,5590.0,2470.0,154800.0,240,0.183,2.8,Contract,Semiurban,1,Approved
LP001183,Rowan Williams,2026-02-14,738.0,2070.0,1170.0,249600.0,120,0.333,1.9,Self-Employed,Urban,1,Rejected
LP000362,Quinn Hernandez,2025-04-08,790.0,12060.0,540.0,169500.0,360,0.336,0.5,Self-Employed,Urban,0,Approved
LP001474,Skyler Garcia,2026-04-24,661.0,NA,0.0,29900.0,240,0.435,0.2,Salaried,Rural,1,Approved
LP000679,Kendall Hernandez,2025-08-15,740.0,3940.0,3360.0,193700.0,360,0.475,15.9,Salaried,Urban,0,Approved
LP001622,Casey Williams,2025-08-12,538.0,9470.0,0.0,260500.0,360,0.207,4.9,Contract,Rural,0,Rejected
LP001090,Sam Wilson,2026-06-17,643.0,4430.0,2990.0,137600.0,480,0.354,1.3,Salaried,Semiurban,0,Approved
LP001232,Morgan Martin,2025-01-29,544.0,6380.0,0.0,223600.0,360,0.461,0.4,Salaried,Semiurban,0,Rejected
LP001848,Morgan Thomas,2026-02-14,586.0,5460.0,0.0,133000.0,360,0.256,8.5,Salaried,Urban,0,Approved
LP000988,Skyler Martinez,2026-02-25,735.0,4380.0,0.0,208700.0,360,0.353,7.0,Contract,Urban,0,Rejected
LP001513,Avery Jones,2025-11-03,599.0,5320.0,5320.0,109800.0,360,0.31,1.3,Salaried,Urban,3+,Approved
LP000112,Morgan Wilson,2026-02-11,658.0,4590.0,6650.0,121900.0,180,0.404,3.6,Salaried,Urban,--,Approved
LP001488,Kendall Garcia,2026-07-01,510.0,2600.0,0.0,116400.0,360,0.365,0.9,Salaried,Rural,0,Rejected
LP001454,Peyton Davis,2025-04-17,850.0,4680.0,2180.0,250800.0,360,0.377,13.4,Salaried,Urban,2,Approved
LP000384,Casey Davis,2025-06-20,615.0,4110.0,0.0,225500.0,120,,3.6,Self-Employed,Rural,1,Rejected
LP001396,Riley Jackson,2026-07-06,676.0,11090.0,0.0,76700.0,360,,3.8,Salaried,Urban,0,Approved
LP001055,Cameron Lopez,2025-05-14,613.0,6490.0,0.0,158400.0,360,0.594,4.0,Contract,Semiurban,1,Rejected
LP000756,Pat Lopez,2025-05-02,850.0,8290.0,0.0,170800.0,360,0.287,8.1,Self-Employed,Urban,1,Approved
LP000325,Pat Smith,2026-01-02,574.0,2850.0,2170.0,122900.0,120,0.159,1.0,Salaried,Semiurban,0,Rejected
LP001624,Rowan Martin,2025-08-30,603.0,5420.0,2970.0,34300.0,360,0.296,5.7,Salaried,Semiurban,0,Approved
LP000788,Taylor Taylor,2026-07-21,?,5830.0,0.0,234200.0,360,0.305,0.4,Salaried,Urban,0,Rejected
LP000369,Pat Williams,2026-03-25,668.0,3720.0,0.0,234700.0,360,0.328,5.2,Salaried,Semiurban,1,Rejected
LP001820,Riley Smith,2025-01-07,576.0,3730.0,0.0,145600.0,360,0.363,4.3,Self-Employed,Semiurban,3+,Rejected
LP000070,Alex Rodriguez,2026-05-01,605.0,2640.0,6370.0,160900.0,180,0.245,6.6,Salaried,Rural,0,Approved
LP000858,Sam Jones,2025-05-18,700.0,3240.0,3710.0,106000.0,240,0.403,8.3,Contract,Semiurban,2,Approved
LP001484,Cameron Smith,2026-04-13,626.0,4680.0,4910.0,55700.0,360,0.407,2.0,Salaried,Urban,0,Approved
LP001556,Sam Wilson,2025-11-25,691.0,2470.0,1750.0,176300.0,480,0.359,1.0,Salaried,Rural,0,Rejected
LP001692,Riley Wilson,2026-01-11,620.0,4490.0,1470.0,141000.0,360,0.342,2.2,Salaried,Rural,2,Approved
LP001475,Kendall Garcia,2026-07-08,593.0,2020.0,0.0,168700.0,--,0.371,21.6,Self-Employed,Rural,0,Rejected
LP001799,Casey Johnson,2025-11-28,751.0,10040.0,2690.0,103000.0,360,0.339,8.9,Salaried,Urban,1,Approved
LP000479,Kendall Jones,2025-08-17,980.0,8620.0,6650.0,20000.0,360,0.216,8.3,Salaried,Semiurban,1,Approved
LP000282,Taylor Martinez,2026-01-20,716.0,7300.0,0.0,190700.0,360,0.102,16.6,Salaried,Semiurban,0,Approved
LP001648,Dakota Gonzalez,2025-03-03,744.0,8130.0,0.0,260400.0,360,0.341,10.7,Self-Employed,Rural,0,Approved
LP001557,Jordan Rodriguez,2025-01-20,738.0,5780.0,1050.0,105900.0,360,0.326,2.2,Salaried,Semiurban,2,Approved
LP001730,Dakota Jones,2025-02-02,816.0,4710.0,1920.0,211500.0,360,0.338,2.6,Contract,Urban,0,Approved
LP000211,Avery Davis,2025-07-01,709.0,2820.0,3910.0,116500.0,360,0.404,0.2,Salaried,Urban,0,Approved
LP000298,Avery Gonzalez,2026-05-01,686.0,2530.0,2130.0,,360,0.339,1.8,Salaried,Urban,0,Approved
LP001885,Riley Brown,2025-06-06,658.0,--,1250.0,110000.0,360,0.392,6.3,Contract,Urban,1,Approved
LP001834,Sam Garcia,2025-02-08,684.0,2730.0,0.0,220000.0,480,0.444,4.9,Contract,Semiurban,0,Rejected
LP000652,Quinn Anderson,2025-06-08,756.0,6700.0,0.0,292600.0,360,0.258,6.5,Salaried,Semiurban,0,Approved
LP001234,Rowan Johnson,2025-04-30,850.0,4170.0,480.0,167500.0,360,0.233,5.7,Salaried,Rural,2,Approved
LP001503,Avery Brown,2025-01-01,590.0,4610.0,0.0,253600.0,360,0.266,17.9,Salaried,Semiurban,0,Rejected
LP001932,Cameron Moore,2026-02-28,,5370.0,0.0,,240,0.36,8.6,Self-Employed,Semiurban,0,Approved
LP000917,Dakota Williams,2025-05-30,712.0,3230.0,1880.0,328100.0,360,0.51,0.0,Contract,Semiurban,0,Rejected
LP000994,Skyler Garcia,2026-08-30,null,4470.0,2650.0,20000.0,180,0.237,1.0,Salaried,Urban,0,Approved
LP000430,Quinn Martinez,2025-01-12,511.0,5600.0,0.0,35800.0,360,0.354,0.3,Salaried,Urban,0,Approved
LP001371,Dakota Garcia,2026-02-12,645.0,5420.0,1380.0,246100.0,180,0.415,2.1,Salaried,Rural,3+,Rejected
LP000240,Dakota Gonzalez,2025-01-19,732.0,6600.0,0.0,209500.0,360,0.447,2.9,Self-Employed,Semiurban,2,Approved
LP000880,Riley Jackson,2025-02-01,761.0,4090.0,2480.0,200200.0,240,0.497,3.0,Salaried,Urban,0,Approved
LP000621,Pat Martin,2025-07-27,593.0,5010.0,5580.0,177500.0,360,0.373,0.0,Contract,Semiurban,1,Rejected
LP000257,Alex Johnson,2026-04-12,768.0,10320.0,5180.0,97700.0,120,0.28,0.6,Self-Employed,Urban,2,Approved
LP000612,Jordan Lopez,2025-02-18,655.0,5130.0,NA,178200.0,360,0.302,4.5,Contract,Rural,0,Approved
LP000545,Rowan Davis,2026-03-05,450.0,2620.0,3190.0,156100.0,360,0.347,2.0,Self-Employed,Urban,2,Rejected
LP000772,Logan Taylor,2026-03-25,612.0,3820.0,0.0,139200.0,360,0.053,6.3,Salaried,Semiurban,0,Approved
LP001420,Chris Gonzalez,2025-08-22,703.0,5250.0,1340.0,269100.0,180,0.22,1.7,Contract,Urban,1,Rejected
LP001042,Dakota Jones,2025-06-03,621.0,6640.0,2020.0,250800.0,360,0.278,3.5,Salaried,Rural,1,Rejected
LP001790,Alex Gonzalez,2026-09-07,774.0,2500.0,860.0,205700.0,360,0.344,11.1,Salaried,null,2,Rejected
LP000760,Pat Garcia,2025-03-06,720.0,10740.0,5260.0,206000.0,360,0.317,2.9,Self-Employed,Semiurban,1,Approved
LP000383,Casey Martinez,2026-03-08,479.0,2300.0,0.0,103100.0,180,?,10.3,Salaried,Semiurban,0,Rejected
LP001104,Casey Moore,2026-03-10,648.0,3320.0,0.0,80600.0,360,?,8.4,Contract,Urban,3+,Rejected
LP000974,Dakota Wilson,2025-06-11,605.0,4760.0,NA,237800.0,480,0.339,4.7,Unemployed,Semiurban,0,Rejected
LP000353,Kendall Thomas,2025-02-21,733.0,4060.0,3210.0,149700.0,360,0.436,3.3,Salaried,Rural,2,Approved
LP001606,Jamie Lopez,2025-08-02,579.0,4840.0,5090.0,305000.0,360,0.309,1.5,Salaried,Semiurban,0,Rejected
LP001826,Jordan Smith,2025-10-10,698.0,6220.0,0.0,52100.0,360,0.337,15.1,Salaried,Semiurban,2,Approved
LP001037,Jordan Johnson,2025-01-17,556.0,4620.0,1470.0,175100.0,360,0.281,0.0,Salaried,Urban,0,Rejected
LP001108,Jamie Thomas,2025-10-10,570.0,5440.0,3710.0,106200.0,360,0.574,1.4,Salaried,Urban,0,Rejected
LP000495,Cameron Miller,2026-07-15,789.0,3820.0,0.0,391800.0,360,0.305,3.7,Salaried,,2,Rejected
LP000394,Logan Garcia,2026-03-25,816.0,3780.0,0.0,213300.0,360,0.487,0.9,Self-Employed,Semiurban,2,Rejected
LP001547,Sam Miller,2025-10-24,575.0,7390.0,0.0,78700.0,360,0.478,9.4,Self-Employed,Semiurban,0,Rejected
LP000465,Dakota Thomas,2026-07-25,650.0,8170.0,0.0,299500.0,360,0.373,3.5,Self-Employed,Rural,0,Rejected
LP000887,Cameron Thomas,2026-07-19,710.0,12730.0,9850.0,242700.0,360,0.391,6.0,Unemployed,Rural,0,Approved
LP001194,Peyton Thomas,2025-10-19,687.0,3640.0,null,271100.0,360,0.366,4.7,Salaried,Urban,3+,Rejected
LP000367,Casey Moore,2025-12-03,679.0,7480.0,0.0,286400.0,360,0.366,2.1,Self-Employed,Urban,2,Rejected
LP001894,Alex Miller,2026-03-19,651.0,2480.0,0.0,257500.0,240,0.412,2.9,Salaried,Urban,0,Rejected
LP001874,Taylor Hernandez,2025-02-25,726.0,5380.0,2990.0,81400.0,180,0.349,2.3,Salaried,Urban,2,Approved
LP000745,Reese Lopez,2026-08-12,704.0,5810.0,2990.0,155000.0,360,0.315,1.9,Salaried,Semiurban,2,Approved
LP000530,Taylor Davis,2026-03-20,583.0,6950.0,0.0,?,360,0.278,6.0,Salaried,Urban,0,Rejected
LP000803,Taylor Jackson,2025-08-05,?,3890.0,0.0,179900.0,360,0.144,4.2,Salaried,Urban,0,Rejected
LP001224,Cameron Davis,2026-01-22,695.0,7240.0,2990.0,211400.0,360,--,3.6,Salaried,Urban,0,Approved
LP001423,Riley Hernandez,2025-10-26,629.0,10150.0,2490.0,217200.0,360,0.448,0.3,Self-Employed,Semiurban,2,Rejected
LP001906,Reese Rodriguez,2025-09-26,698.0,4560.0,0.0,20000.0,360,0.477,2.4,Salaried,Semiurban,0,Approved
LP001700,Reese Martinez,2026-01-08,675.0,3960.0,5360.0,53700.0,240,0.377,5.1,Salaried,Semiurban,1,Approved
LP001545,Rowan Wilson,2025-07-06,609.0,6350.0,5480.0,96100.0,180,0.296,3.2,Salaried,Urban,0,Approved
LP001314,Pat Taylor,2025-01-13,707.0,8830.0,1000.0,171000.0,480,0.542,1.5,Salaried,?,1,Approved
LP000307,Sam Martin,2026-09-30,769.0,7660.0,0.0,142500.0,360,0.314,0.2,Salaried,Urban,0,Approved
LP001667,Quinn Lopez,2025-02-10,575.0,3000.0,0.0,275900.0,240,0.238,16.7,Salaried,Semiurban,0,Rejected
LP000863,Taylor Smith,2026-01-03,792.0,11720.0,3310.0,167000.0,360,0.273,22.2,Contract,Urban,0,Approved
LP001567,Casey Lopez,2026-03-25,666.0,3300.0,3870.0,165100.0,360,0.373,7.8,Contract,Urban,0,Approved
LP000531,Avery Davis,2026-08-23,714.0,3630.0,1500.0,205100.0,240,0.286,8.8,Salaried,Semiurban,0,Approved
LP000655,Sam Williams,2025-11-27,850.0,3600.0,0.0,155500.0,,0.379,0.9,Salaried,Rural,0,Approved
LP001260,Jordan Moore,2025-10-03,655.0,--,0.0,133800.0,180,0.381,2.5,Salaried,Rural,0,Approved
LP000234,Jamie Brown,2025-07-24,605.0,9760.0,1010.0,150600.0,360,0.163,2.3,Salaried,Semiurban,0,Approved
LP000121,Dakota Garcia,2025-10-17,727.0,7960.0,1360.0,309400.0,240,0.291,4.8,Self-Employed,Semiurban,3+,Approved
LP001698,Skyler Johnson,2025-01-20,602.0,5470.0,3550.0,93400.0,240,0.303,0.8,Contract,Urban,2,Approved
LP000950,Morgan Rodriguez,2025-03-21,681.0,5670.0,2550.0,170600.0,360,0.209,3.9,Contract,Urban,0,Approved
LP000618,Cameron Rodriguez,2025-02-25,722.0,6810.0,6120.0,117400.0,240,0.471,1.3,Salaried,Rural,2,Approved
LP001179,Rowan Lopez,2025-01-01,576.0,5100.0,0.0,173000.0,480,0.458,20.2,Self-Employed,Urban,0,Rejected
LP000308,Kendall Smith,2026-09-13,610.0,3980.0,5690.0,220700.0,360,0.368,3.5,Self-Employed,Urban,0,Rejected
LP000136,Quinn Jones,2025-02-28,792.0,2670.0,3690.0,215100.0,480,0.276,1.1,Salaried,Urban,0,Approved
LP000555,Dakota Rodriguez,2026-02-27,689.0,2860.0,0.0,165800.0,180,0.05,4.4,Salaried,Rural,0,Rejected
LP001674,Skyler Williams,2025-07-14,NA,5030.0,2040.0,154900.0,360,0.274,1.8,Self-Employed,Rural,2,Approved
LP000584,Reese Williams,2025-04-20,850.0,3100.0,4710.0,235100.0,180,0.411,25.5,Self-Employed,Urban,,Approved
LP001641,Taylor Smith,2025-04-02,662.0,8380.0,5030.0,194100.0,360,0.315,4.7,Salaried,Urban,3+,Approved
LP000671,Casey Lopez,2026-06-02,766.0,6990.0,0.0,99000.0,360,0.378,2.3,Salaried,Urban,0,Approved
LP000835,Reese Anderson,2025-03-13,657.0,3850.0,0.0,142000.0,360,0.274,6.5,Self-Employed,Rural,0,Rejected
LP000110,Quinn Wilson,2025-11-06,654.0,5410.0,0.0,240600.0,360,0.38,4.6,Salaried,Rural,,Rejected
LP001165,Reese Rodriguez,2025-07-26,747.0,5970.0,0.0,184600.0,360,0.324,2.6,Salaried,Semiurban,0,Approved
LP000306,Chris Anderson,2025-10-04,670.0,5890.0,2060.0,247700.0,480,0.443,9.5,Salaried,Semiurban,1,Rejected
LP001465,Pat Taylor,2025-05-10,611.0,3730.0,0.0,212600.0,360,0.32,5.7,Salaried,Urban,0,Rejected
LP001729,Peyton Johnson,2025-04-12,691.0,8920.0,1460.0,294900.0,360,0.475,5.2,Salaried,Semiurban,,Approved
LP001243,Jamie Davis,2026-06-13,611.0,15380.0,3050.0,158700.0,360,0.317,5.5,Contract,Urban,2,Approved
LP000212,Riley Smith,2025-11-17,757.0,5560.0,0.0,225600.0,360,0.307,2.8,Self-Employed,Semiurban,2,Rejected
LP001768,Reese Jones,2025-07-17,645.0,15580.0,0.0,?,240,0.314,5.4,Contract,Rural,0,Approved
LP001121,Casey Jones,2025-11-11,754.0,2610.0,2420.0,367900.0,120,0.309,10.5,Self-Employed,Urban,0,Rejected
LP000680,Morgan Wilson,2025-08-07,768.0,3870.0,0.0,105600.0,120,0.341,0.4,Salaried,Semiurban,2,Approved
LP001615,Rowan Anderson,2025-05-06,645.0,,0.0,178600.0,360,--,1.9,Salaried,Semiurban,3+,Approved
LP001839,Peyton Garcia,2025-09-29,657.0,5380.0,2720.0,112500.0,360,0.323,3.5,Salaried,Rural,1,Approved
LP000412,Taylor Davis,2026-06-22,564.0,2500.0,0.0,120500.0,240,0.315,10.8,Self-Employed,Urban,1,Rejected
LP001325,Dakota Garcia,2025-09-27,665.0,3110.0,760.0,310800.0,360,0.284,1.0,Self-Employed,Urban,0,Rejected
LP000783,Pat Hernandez,2025-10-30,692.0,6510.0,1830.0,239300.0,360,0.138,3.6,Self-Employed,Semiurban,0,Approved
LP001346,Pat Jackson,2025-08-23,534.0,2870.0,4000.0,151700.0,180,0.343,4.1,Self-Employed,Urban,0,Rejected
LP000875,Alex Taylor,2025-09-27,657.0,4790.0,NA,188600.0,180,0.392,6.6,Self-Employed,Semiurban,2,Rejected
LP001653,Taylor Taylor,2025-04-20,677.0,13700.0,0.0,216700.0,360,0.273,2.3,Salaried,Urban,1,Approved
LP001279,Riley Martin,2026-09-21,676.0,7260.0,5870.0,185100.0,240,0.129,2.7,Salaried,Rural,0,Approved
LP000786,Jordan Anderson,2026-01-18,752.0,3770.0,910.0,404500.0,360,0.459,13.5,Self-Employed,Rural,2,Rejected
LP001819,Riley Martin,2025-11-06,642.0,6850.0,,20000.0,360,0.309,17.7,Salaried,Semiurban,2,Approved
LP001199,Reese Jackson,2025-10-11,?,4650.0,1710.0,20000.0,360,0.42,7.5,Contract,Semiurban,1,Approved
LP000808,Kendall Gonzalez,2025-07-08,619.0,3360.0,0.0,227400.0,360,,12.4,Salaried,Urban,0,Rejected
LP000713,Casey Anderson,2025-02-14,614.0,6630.0,2420.0,172200.0,180,0.406,1.7,Salaried,Rural,--,Rejected
LP001517,Alex Thomas,2026-09-04,789.0,4000.0,810.0,219800.0,360,0.295,1.4,Self-Employed,Semiurban,0,Approved
LP001660,Taylor Wilson,2026-03-26,757.0,3990.0,0.0,,120,0.294,3.6,Self-Employed,Urban,0,Rejected
LP001191,Chris Hernandez,2025-03-12,669.0,7510.0,590.0,126000.0,360,0.29,,Salaried,Urban,0,Approved
LP001226,Logan Jones,2026-05-11,649.0,3370.0,7260.0,265300.0,360,0.29,4.6,Salaried,Urban,0,Approved
LP000603,Morgan Brown,2025-04-15,734.0,12530.0,3300.0,174500.0,360,0.304,3.7,Self-Employed,Rural,1,Approved
LP000271,Reese Taylor,2025-08-22,783.0,4110.0,0.0,262800.0,180,0.217,7.1,Salaried,Urban,0,Approved
LP001385,Dakota Anderson,2026-07-25,723.0,9900.0,0.0,175200.0,360,0.432,0.3,Contract,Urban,3+,Approved
LP000232,Dakota Williams,2025-02-08,678.0,4110.0,1400.0,20000.0,360,0.374,2.8,Salaried,Semiurban,2,Approved
LP000050,Casey Jones,2025-03-01,510.0,3390.0,4720.0,63200.0,360,0.214,12.1,Salaried,Rural,0,Approved
LP000463,Jamie Brown,2026-02-27,601.0,2800.0,1050.0,229400.0,240,0.208,9.8,Salaried,Urban,1,Rejected
LP001106,Avery Martinez,2026-01-10,572.0,3200.0,3990.0,236800.0,360,0.209,3.3,Salaried,Semiurban,0,Rejected
LP000856,Alex Hernandez,2025-10-11,611.0,2020.0,0.0,239100.0,?,0.486,2.0,Salaried,Semiurban,0,Rejected
LP000694,Kendall Smith,2025-09-04,712.0,3550.0,0.0,120400.0,360,0.35,5.8,Salaried,Urban,1,Rejected
LP001552,Chris Hernandez,2025-10-06,643.0,3590.0,0.0,193300.0,360,0.436,2.8,Unemployed,Rural,3+,Rejected
LP001873,Taylor Moore,2026-01-27,634.0,4810.0,1860.0,147400.0,360,0.381,0.3,Self-Employed,Semiurban,0,Approved
LP000527,Cameron Hernandez,2026-06-28,522.0,4380.0,0.0,186400.0,180,0.346,0.2,NA,Rural,1,Rejected
LP000174,Sam Rodriguez,2025-11-11,689.0,4310.0,4370.0,93400.0,120,0.436,13.9,Self-Employed,Semiurban,0,Approved
LP000721,Quinn Taylor,2026-07-05,686.0,3470.0,7600.0,20000.0,360,0.583,4.0,Salaried,--,1,Approved
LP000415,Rowan Martin,2025-08-18,688.0,3590.0,3760.0,185500.0,360,0.298,1.8,Self-Employed,Urban,0,Approved
LP000238,Avery Moore,2026-06-28,676.0,4300.0,0.0,292100.0,360,0.216,0.6,Salaried,Semiurban,0,Rejected
LP001473,Chris Davis,2026-05-03,649.0,6080.0,0.0,55100.0,360,0.258,2.2,Self-Employed,Urban,0,Approved
LP001336,Taylor Johnson,2026-03-06,631.0,10420.0,3130.0,222500.0,180,0.409,,Salaried,Semiurban,2,Approved
LP001064,Reese Jones,2026-06-27,512.0,2440.0,3630.0,81600.0,180,0.376,22.8,Self-Employed,Urban,1,Approved
LP000024,Morgan Gonzalez,2025-11-25,539.0,5420.0,1260.0,166200.0,180,0.377,2.0,Self-Employed,Rural,0,Rejected
LP001767,Taylor Miller,2025-07-14,845.0,24870.0,0.0,161400.0,120,0.405,6.7,Salaried,Semiurban,1,Approved
LP000064,Casey Moore,2025-09-05,558.0,3070.0,8520.0,239100.0,180,,17.6,Salaried,Urban,0,Approved
LP000290,Dakota Hernandez,2025-02-19,607.0,6930.0,0.0,176900.0,360,0.253,7.2,Salaried,Urban,0,Approved
LP000189,Alex Brown,2026-04-29,588.0,2650.0,3080.0,268200.0,480,0.232,0.2,Salaried,Rural,0,Rejected
LP000702,Sam Smith,2026-01-31,749.0,10510.0,1760.0,265400.0,360,0.352,13.9,Salaried,Semiurban,1,Approved
LP001815,Quinn Moore,2026-09-03,637.0,5500.0,3710.0,104400.0,360,0.104,2.5,Salaried,Rural,1,Approved
LP001138,Chris Wilson,2025-06-14,556.0,9040.0,0.0,276600.0,480,0.309,3.2,Salaried,Rural,1,Rejected
LP000355,Peyton Rodriguez,2025-06-28,658.0,13330.0,0.0,188800.0,120,0.621,3.4,Self-Employed,Rural,null,Approved
LP000417,Cameron Anderson,2026-06-16,792.0,3760.0,14130.0,79500.0,360,0.271,3.9,Self-Employed,Rural,2,Approved
LP001246,Dakota Martinez,2025-09-27,556.0,1920.0,0.0,195800.0,360,0.398,3.9,Salaried,Rural,0,Rejected
LP000931,Logan Taylor,2026-01-05,613.0,1610.0,0.0,112300.0,180,0.299,2.7,Salaried,Semiurban,1,Rejected
LP000197,Logan Miller,2025-02-25,585.0,2210.0,2970.0,20000.0,180,0.497,6.5,Self-Employed,Urban,?,Rejected
LP000580,Skyler Rodriguez,2025-10-20,757.0,2790.0,0.0,151500.0,360,0.264,0.1,Self-Employed,Semiurban,1,Approved
LP001135,Jordan Williams,2026-07-18,639.0,4480.0,0.0,147600.0,480,0.411,1.7,Self-Employed,Urban,0,Rejected
LP001814,Peyton Miller,2025-10-19,736.0,7420.0,0.0,206000.0,360,0.509,3.0,Self-Employed,Rural,0,Rejected
LP001935,Skyler Anderson,2025-12-23,850.0,4760.0,4550.0,170300.0,360,0.329,4.2,Salaried,Urban,0,Approved
LP000434,Riley Rodriguez,2026-05-23,721.0,4800.0,0.0,150100.0,360,0.295,0.4,Self-Employed,Semiurban,1,Approved
LP000101,Taylor Johnson,2025-11-09,null,7420.0,0.0,163100.0,180,0.533,2.7,Self-Employed,Semiurban,0,Rejected
LP001655,Kendall Hernandez,2026-05-15,689.0,7270.0,2030.0,177800.0,180,0.243,0.9,Salaried,Semiurban,1,Approved
LP000395,Avery Smith,2025-07-05,,1670.0,1710.0,241200.0,360,0.378,4.9,Salaried,Semiurban,0,Rejected
LP001939,Dakota Jones,2026-09-01,752.0,5280.0,0.0,145200.0,120,0.493,1.7,Self-Employed,Semiurban,?,Rejected
LP000221,Casey Johnson,2026-05-17,850.0,8050.0,0.0,170300.0,360,0.344,2.5,Unemployed,Urban,0,Approved
LP001676,Taylor Thomas,2025-07-11,633.0,3060.0,0.0,128200.0,180,,4.3,Self-Employed,Semiurban,0,Rejected
LP001498,Rowan Garcia,2026-02-27,763.0,3290.0,1240.0,88200.0,360,0.417,8.5,Salaried,Semiurban,2,Approved
LP001785,Jordan Williams,2026-02-16,667.0,7310.0,0.0,250400.0,360,0.484,11.0,Contract,Rural,0,Rejected
LP000345,Taylor Taylor,2025-03-18,620.0,3240.0,2940.0,302800.0,360,0.46,1.0,Self-Employed,Urban,2,Rejected
LP001028,Jamie Miller,2026-04-10,670.0,3220.0,0.0,52100.0,360,0.454,7.0,Self-Employed,,1,Approved
LP000889,Logan Rodriguez,2026-07-11,710.0,14900.0,4330.0,123700.0,180,--,4.0,Salaried,Semiurban,3+,Approved
LP001351,Chris Hernandez,2026-03-19,561.0,5820.0,5020.0,146200.0,360,0.444,14.9,Self-Employed,Urban,2,Approved
LP000553,Reese Lopez,2025-05-17,759.0,4160.0,0.0,1280000.0,360,0.235,null,Salaried,Urban,0,Approved
LP000744,Chris Martin,2025-03-14,662.0,4600.0,1110.0,179000.0,360,0.353,17.3,Salaried,Semiurban,--,Approved
LP001542,Reese Brown,2026-02-27,811.0,4420.0,0.0,209500.0,360,0.41,1.6,Salaried,Urban,3+,Rejected
LP000539,Dakota Jones,2026-02-01,746.0,4980.0,2990.0,128300.0,360,1.64,5.7,Salaried,Semiurban,3+,Approved
LP000907,Pat Martinez,2025-09-02,544.0,3430.0,0.0,191400.0,360,0.315,7.2,Unemployed,Urban,0,Rejected
LP001395,Taylor Moore,2026-08-13,629.0,null,0.0,287500.0,360,0.29,3.5,Self-Employed,Semiurban,1,Rejected
LP000116,Jordan Gonzalez,2026-06-08,686.0,3670.0,0.0,142500.0,360,0.332,5.6,Salaried,Urban,2,Rejected
LP000830,Avery Anderson,2025-05-12,636.0,6250.0,0.0,205700.0,180,0.413,9.5,Salaried,Semiurban,0,Rejected
LP001938,Dakota Brown,2025-12-19,700.0,?,0.0,105200.0,360,0.372,7.7,Salaried,Urban,0,Approved
LP000809,Jamie Jones,2025-08-15,767.0,2790.0,0.0,231200.0,360,0.251,3.1,Contract,Rural,1,Rejected
LP001311,Dakota Jones,2026-04-17,658.0,4360.0,0.0,218300.0,360,0.34,0.6,Salaried,Urban,2,Rejected
LP001005,Kendall Martinez,2026-06-14,719.0,3060.0,0.0,189300.0,360,0.331,3.6,Salaried,Urban,0,Rejected
LP000306,Chris Anderson,2025-10-04,670.0,5890.0,2060.0,247700.0,480,0.443,9.5,Salaried,Semiurban,1,Rejected
LP001101,Logan Rodriguez,2025-09-17,745.0,2480.0,3450.0,155900.0,360,0.253,0.0,Salaried,Semiurban,0,Approved
LP000480,Avery Anderson,2026-04-11,755.0,4160.0,1420.0,220800.0,360,0.404,4.7,Self-Employed,Semiurban,3+,Rejected
LP001424,Cameron Rodriguez,2025-10-01,589.0,197800.0,870.0,NA,360,0.477,4.6,Contract,Rural,0,Approved
LP001076,Morgan Wilson,2026-05-04,618.0,4050.0,0.0,234900.0,360,0.205,,Salaried,Urban,1,Rejected
LP000571,Morgan Johnson,2025-11-27,662.0,5360.0,1250.0,73800.0,360,0.296,NA,Self-Employed,Rural,2,Approved
LP000619,Pat Brown,2025-01-14,701.0,7550.0,1090.0,304000.0,360,0.269,4.7,Contract,Urban,1,Rejected
LP001898,Cameron Thomas,2025-05-16,796.0,3900.0,0.0,209800.0,180,0.362,1.7,Salaried,Urban,0,Rejected
LP001266,Taylor Anderson,2025-09-05,540.0,11980.0,1280.0,32200.0,480,0.357,9.5,Salaried,Rural,,Approved
LP000079,Quinn Smith,2025-01-29,668.0,5460.0,2130.0,133700.0,180,0.281,0.4,Self-Employed,Rural,0,Approved
LP001912,Peyton Davis,2025-05-19,850.0,3310.0,3120.0,205200.0,360,0.282,1.2,Salaried,Urban,0,Approved
LP000033,Reese Lopez,2026-05-12,659.0,3590.0,4690.0,163000.0,360,0.342,5.0,Self-Employed,Rural,,Approved
LP001538,Morgan Davis,2025-10-06,615.0,6850.0,0.0,141900.0,240,0.163,1.6,Salaried,Rural,0,Approved
LP001034,Skyler Anderson,2026-01-30,715.0,5680.0,0.0,199600.0,240,,0.3,Salaried,Urban,2,Rejected
LP001563,Casey Wilson,2025-04-15,454.0,11570.0,4310.0,169100.0,360,0.272,2.8,Salaried,Semiurban,0,Rejected
LP000352,Casey Martin,2026-04-21,785.0,2980.0,0.0,198300.0,480,0.184,11.7,Self-Employed,Rural,1,Rejected
LP000164,Kendall Miller,2026-04-28,980.0,2980.0,3070.0,281200.0,360,0.252,5.4,Self-Employed,Urban,2,Rejected
LP000204,Chris Hernandez,2026-04-14,750.0,5520.0,2920.0,282300.0,180,--,1.0,Salaried,Semiurban,1,Approved
LP001054,Sam Brown,2026-05-09,682.0,12630.0,2000.0,235600.0,360,0.357,8.2,Salaried,Rural,0,Approved
LP001365,Rowan Martin,2026-05-14,762.0,4100.0,0.0,333800.0,240,0.58,0.1,Self-Employed,Semiurban,0,Rejected
LP000070,Alex Rodriguez,2026-05-01,605.0,2640.0,6370.0,160900.0,180,0.245,6.6,Salaried,Rural,0,Approved
LP000496,Rowan Taylor,2026-06-19,706.0,5610.0,0.0,153400.0,180,0.522,1.4,Salaried,Semiurban,0,Rejected
LP001625,Rowan Martinez,2026-03-21,819.0,2600.0,0.0,168300.0,360,0.442,0.6,Salaried,Urban,0,Rejected
LP001358,Kendall Hernandez,2025-06-30,693.0,5890.0,0.0,162100.0,360,0.278,10.4,Salaried,Rural,2,Approved
LP001926,Sam Johnson,2025-09-30,582.0,8920.0,0.0,250300.0,360,0.287,7.1,Salaried,Semiurban,0,Approved
LP000611,Dakota Rodriguez,2025-10-22,716.0,2960.0,0.0,270700.0,360,0.313,6.8,Salaried,Urban,0,Rejected
LP000433,Reese Williams,2026-04-26,637.0,5840.0,0.0,191600.0,360,0.251,6.7,Self-Employed,Semiurban,2,Rejected
LP001492,Quinn Taylor,2026-07-07,850.0,3620.0,0.0,186100.0,360,0.301,4.5,Salaried,Rural,0,Rejected
LP000219,Morgan Rodriguez,2026-08-14,619.0,4370.0,0.0,254600.0,360,0.399,0.2,Salaried,Urban,0,Rejected
LP001931,Taylor Williams,2025-04-26,555.0,5720.0,1550.0,324300.0,240,0.327,23.1,?,Urban,0,Rejected
LP001466,Quinn Lopez,2025-05-15,710.0,4570.0,0.0,124400.0,360,0.407,3.0,Salaried,Urban,3+,Approved
LP000631,Sam Jones,2025-10-29,516.0,5920.0,,158400.0,120,0.409,3.0,Salaried,Urban,,Rejected
LP001382,Logan Rodriguez,2026-01-05,619.0,2270.0,1030.0,82900.0,360,0.436,9.0,Self-Employed,Urban,2,Approved
LP001302,Casey Thomas,2026-07-08,744.0,5700.0,0.0,187700.0,360,0.296,0.6,Salaried,Rural,2,Approved
LP000060,Dakota Martin,2026-06-02,743.0,7850.0,0.0,227300.0,240,0.535,5.1,Salaried,Urban,0,Approved
LP000299,Dakota Moore,2025-06-06,729.0,4470.0,2650.0,127400.0,360,0.439,2.0,Salaried,Semiurban,0,Approved
LP001711,Sam Smith,2025-06-07,754.0,4110.0,350.0,232300.0,360,0.34,6.4,Salaried,Rural,0,Rejected
LP000074,Rowan Miller,2025-12-19,793.0,2550.0,1070.0,256600.0,240,0.471,3.7,Self-Employed,Urban,1,Rejected
LP000163,Morgan Williams,2025-04-10,758.0,5020.0,1550.0,239600.0,360,0.262,1.8,null,Rural,2,Approved
LP001275,Pat Hernandez,2025-04-20,763.0,5660.0,0.0,238500.0,180,0.457,7.9,Contract,Rural,0,Approved
LP001594,Taylor Brown,2026-01-26,737.0,2870.0,0.0,279600.0,360,?,0.3,Salaried,Rural,3+,Rejected
LP001434,Avery Davis,2025-06-21,610.0,8210.0,0.0,231400.0,240,0.282,17.9,Self-Employed,Rural,1,Approved
LP001613,Logan Miller,2026-07-17,735.0,1640.0,0.0,168400.0,360,,1.0,Salaried,Semiurban,2,Rejected
LP000592,Peyton Gonzalez,2025-06-14,619.0,null,3100.0,228400.0,480,0.199,2.8,Salaried,Rural,2,Rejected
LP000317,Jamie Gonzalez,2025-04-19,718.0,NA,0.0,257400.0,180,0.433,0.2,Salaried,Rural,0,Rejected
LP000046,Pat Jackson,2025-01-30,599.0,8390.0,6520.0,220500.0,120,0.297,null,Salaried,Semiurban,0,Approved
LP001720,Jordan Jones,2025-03-10,623.0,5820.0,0.0,142500.0,360,0.491,10.2,Salaried,Urban,0,Approved
LP001832,Morgan Hernandez,2025-06-08,680.0,4170.0,2460.0,110700.0,360,0.273,0.2,Salaried,Rural,0,Rejected
LP000428,Alex Wilson,2026-09-20,718.0,2530.0,0.0,309200.0,480,0.305,0.4,Self-Employed,Rural,0,Rejected
LP000582,Quinn Martinez,2025-01-14,625.0,3090.0,0.0,302800.0,240,0.247,15.5,Salaried,Semiurban,3+,Rejected
LP000077,Skyler Smith,2025-04-03,667.0,12090.0,0.0,111800.0,360,0.274,4.1,Salaried,Rural,1,Approved
LP001917,Riley Thomas,2026-02-09,593.0,5770.0,0.0,123000.0,180,0.252,0.9,Self-Employed,Semiurban,0,Rejected
LP001415,Jamie Wilson,2026-02-19,605.0,3450.0,10560.0,93100.0,240,0.375,0.9,Salaried,Semiurban,0,Approved
LP000781,Kendall Johnson,2026-02-05,675.0,9090.0,4400.0,169400.0,360,0.377,1.1,Salaried,Rural,3+,Approved
LP001920,Skyler Jackson,2026-07-29,620.0,8090.0,5720.0,100300.0,180,0.525,5.6,Salaried,Rural,0,Rejected
LP001174,Morgan Martinez,2026-09-22,655.0,4110.0,3140.0,180600.0,360,0.375,0.6,Salaried,Semiurban,0,Rejected
LP001320,Kendall Wilson,2026-01-06,644.0,6790.0,2190.0,91500.0,240,0.457,7.9,Salaried,Rural,2,Approved
LP000938,Peyton Johnson,2025-04-16,720.0,9840.0,610.0,243000.0,360,0.437,8.9,Salaried,Semiurban,0,Approved
LP000031,Riley Brown,2025-08-05,609.0,3020.0,2390.0,258900.0,360,0.199,2.4,Self-Employed,Semiurban,3+,Rejected
LP001092,Skyler Martin,2026-01-20,657.0,5320.0,0.0,295300.0,180,0.251,1.1,Salaried,Rural,0,Rejected
LP001616,Pat Williams,2025-09-17,850.0,5040.0,,187600.0,360,0.485,3.7,Salaried,Semiurban,2,Approved
LP001230,Alex Davis,2026-04-17,848.0,6360.0,0.0,122300.0,360,0.258,1.6,Self-Employed,Semiurban,1,Approved
LP000975,Peyton Williams,2026-01-06,622.0,5150.0,0.0,344500.0,360,0.453,0.0,Salaried,Semiurban,0,Rejected
LP001085,Sam Davis,2025-01-06,692.0,5060.0,2660.0,254100.0,360,0.488,1.6,Salaried,Semiurban,0,Rejected
LP000515,Quinn Johnson,2025-04-21,611.0,7590.0,0.0,34800.0,180,0.435,2.3,Salaried,Semiurban,1,Approved
LP001551,Rowan Moore,2026-04-09,651.0,8870.0,0.0,152500.0,120,0.228,5.6,Salaried,Urban,1,Approved
LP001568,Reese Thomas,2025-01-09,704.0,6080.0,1780.0,193900.0,180,0.417,6.3,Self-Employed,Urban,1,Approved
LP001811,Peyton Smith,2026-02-11,619.0,5770.0,0.0,109500.0,180,0.419,5.7,Self-Employed,Semiurban,0,Approved
LP001574,Dakota Miller,2025-08-11,545.0,11100.0,0.0,139000.0,--,0.546,1.5,Self-Employed,Rural,0,Rejected
LP000045,Casey Williams,2026-08-06,,5860.0,0.0,45400.0,180,0.346,2.8,Self-Employed,Rural,0,Approved
LP001687,Quinn Lopez,2025-06-08,621.0,4150.0,--,112800.0,360,0.238,0.4,Contract,Semiurban,0,Approved
LP000169,Chris Anderson,2025-12-10,639.0,1360.0,2610.0,235500.0,180,0.299,2.5,Salaried,Rural,0,Rejected
LP000304,Alex Gonzalez,2025-04-14,712.0,4890.0,0.0,295700.0,360,0.401,20.0,Contract,Rural,0,Rejected
LP000991,Casey Jones,2025-02-14,678.0,8090.0,0.0,151000.0,240,0.412,7.0,Self-Employed,Semiurban,2,Approved
LP000556,Reese Martinez,2026-09-09,625.0,3250.0,0.0,243700.0,360,0.291,0.2,Self-Employed,Urban,0,Rejected
LP001925,Pat Miller,2025-03-15,836.0,3400.0,5360.0,254600.0,480,0.254,7.3,Contract,Semiurban,0,Approved
LP000608,Peyton Jones,2026-02-03,554.0,4920.0,880.0,153600.0,360,0.227,1.5,Self-Employed,Rural,0,Rejected
LP001619,Cameron Lopez,2025-07-23,624.0,5500.0,0.0,128600.0,360,0.42,2.2,Unemployed,Semiurban,0,Rejected
LP000758,Riley Brown,2025-01-07,676.0,4970.0,0.0,225300.0,180,0.531,2.0,Salaried,Urban,3+,Rejected
LP000439,Sam Williams,2025-09-04,515.0,7670.0,1650.0,146300.0,480,0.337,6.8,Salaried,Semiurban,2,Approved
LP000583,Jamie Brown,2026-06-20,,6490.0,2750.0,121500.0,480,0.594,6.1,Salaried,Semiurban,2,Approved
LP001519,Cameron Moore,2025-01-08,573.0,3920.0,1960.0,100700.0,360,0.473,11.4,Salaried,Rural,0,Rejected
LP000528,Quinn Moore,2025-02-19,664.0,10160.0,3500.0,159100.0,180,0.329,11.6,Self-Employed,Semiurban,0,Approved
LP000343,Logan Moore,2025-04-03,681.0,5130.0,0.0,192400.0,360,0.401,4.2,Salaried,Semiurban,3+,Rejected
LP001737,Sam Jackson,2025-02-20,570.0,17030.0,0.0,301000.0,180,--,4.3,Salaried,Urban,0,Approved
LP000368,Alex Taylor,2026-01-02,661.0,3610.0,2090.0,202000.0,360,0.363,8.6,Salaried,Semiurban,2,Rejected
LP000186,Casey Garcia,2026-08-18,721.0,3690.0,0.0,50900.0,360,0.282,7.0,Self-Employed,Rural,0,Approved
LP001117,Reese Rodriguez,2026-07-27,850.0,11820.0,950.0,220200.0,180,0.605,7.6,Salaried,Urban,0,Approved
LP001755,Alex Gonzalez,2026-06-26,703.0,4580.0,2500.0,65800.0,,0.338,3.0,Salaried,Urban,0,Approved
LP001426,Morgan Jackson,2026-02-09,493.0,2950.0,0.0,28900.0,180,0.286,8.0,Self-Employed,Rural,3+,Approved
LP000301,Riley Thomas,2025-01-10,590.0,4610.0,0.0,220000.0,360,0.231,11.3,Salaried,Urban,1,Rejected
LP001904,Reese Johnson,2026-07-16,691.0,--,5640.0,232700.0,480,0.382,12.3,Salaried,Urban,0,Approved
LP000833,Quinn Miller,2025-10-19,575.0,2690.0,2220.0,121000.0,240,0.401,0.4,Salaried,Urban,0,Rejected
LP000544,Rowan Gonzalez,2026-01-29,783.0,,0.0,276700.0,180,0.286,0.1,Self-Employed,Semiurban,0,Approved
LP001601,Morgan Wilson,2025-02-04,644.0,3770.0,0.0,157000.0,360,0.382,15.3,Contract,Semiurban,0,Rejected
LP000351,Chris Taylor,2025-09-28,,8320.0,1160.0,295700.0,120,0.342,2.8,Salaried,Urban,2,Approved
LP001933,Cameron Moore,2026-03-10,620.0,1950.0,0.0,260900.0,180,0.254,0.2,Salaried,Urban,0,Rejected
LP001511,Chris Moore,2026-05-19,563.0,11470.0,0.0,157300.0,360,0.282,2.8,Salaried,Semiurban,0,Approved
LP000979,Logan Jones,2026-03-01,525.0,10820.0,1880.0,137700.0,360,0.397,1.0,Salaried,Semiurban,1,Approved
LP000176,Kendall Jones,2025-12-06,730.0,6460.0,2790.0,199800.0,360,0.291,9.7,Salaried,Urban,1,Approved
LP000483,Riley Garcia,2026-09-27,523.0,4860.0,5190.0,73800.0,360,0.423,5.7,Salaried,Semiurban,1,Rejected
LP001413,Rowan Gonzalez,2026-09-20,699.0,2000.0,0.0,184700.0,360,0.336,4.5,Salaried,Urban,0,Rejected
LP001611,Alex Martin,2025-06-12,635.0,5520.0,0.0,300100.0,240,0.258,3.3,Salaried,Rural,0,Rejected
LP000124,Reese Moore,2026-05-09,541.0,5420.0,0.0,187500.0,360,0.374,3.3,Contract,Urban,0,Rejected
LP000600,Morgan Jones,2025-02-03,692.0,13960.0,0.0,51300.0,360,0.338,11.6,Salaried,Urban,1,Approved
LP001795,Cameron Rodriguez,2025-11-29,678.0,2990.0,2420.0,262900.0,180,0.364,1.1,Self-Employed,Semiurban,0,Rejected
LP001746,Morgan Williams,2026-04-25,680.0,4200.0,3030.0,184800.0,360,0.406,11.0,Salaried,Rural,0,Approved
LP001379,Logan Brown,2026-04-06,609.0,2850.0,1950.0,192300.0,120,0.443,1.8,Salaried,NA,2,Rejected
LP001186,Taylor Jackson,2026-02-20,740.0,6130.0,0.0,181400.0,480,0.509,2.5,Salaried,Semiurban,0,Approved
LP000486,Dakota Williams,2026-01-08,539.0,4090.0,1430.0,103700.0,480,0.413,11.5,Self-Employed,Semiurban,3+,Rejected
LP000332,Rowan Martin,2025-08-01,584.0,3500.0,3330.0,80000.0,360,0.338,16.5,Salaried,Semiurban,2,Approved
LP000789,Chris Johnson,2026-07-23,654.0,10690.0,0.0,123500.0,240,0.262,1.3,Self-Employed,Rural,0,Approved
LP000195,Jordan Martinez,2025-11-02,675.0,4400.0,0.0,124900.0,180,0.32,3.3,Salaried,Rural,1,Approved
LP000638,Chris Rodriguez,2025-05-03,666.0,4440.0,4710.0,124500.0,240,0.456,0.2,Salaried,Rural,1,Approved
LP000472,Alex Moore,2026-06-05,464.0,8820.0,0.0,156900.0,360,0.353,12.0,Salaried,Urban,0,Rejected
LP001714,Logan Smith,2025-11-27,732.0,5750.0,890.0,276100.0,240,0.356,3.3,Salaried,Semiurban,1,Approved
LP000323,Taylor Johnson,2026-06-20,590.0,3510.0,0.0,130700.0,360,0.315,5.3,Salaried,Semiurban,2,Rejected
LP001197,Reese Jones,2025-12-23,658.0,3450.0,3050.0,181200.0,360,NA,21.2,Salaried,Semiurban,1,Rejected
LP000267,Skyler Anderson,2025-07-12,799.0,3950.0,0.0,39500.0,360,0.296,4.8,Self-Employed,Urban,NA,Approved
LP001544,Peyton Lopez,2025-03-12,621.0,3760.0,0.0,170700.0,360,0.335,0.7,Salaried,Urban,2,Rejected
LP001804,Riley Rodriguez,2025-08-08,531.0,3930.0,0.0,205000.0,360,0.386,9.4,Salaried,Rural,0,Rejected
LP000068,Avery Wilson,2026-04-02,745.0,1800.0,0.0,,,0.416,2.4,Salaried,Urban,1,Rejected
LP001738,Morgan Jones,2026-01-11,569.0,5610.0,0.0,234700.0,360,0.381,1.0,,Rural,0,Rejected
LP001593,Riley Wilson,2025-09-14,697.0,7630.0,1750.0,130600.0,360,0.376,7.9,Salaried,Semiurban,1,Approved
LP001564,Cameron Anderson,2025-10-16,735.0,2050.0,4650.0,206100.0,360,0.325,1.3,Salaried,,0,Rejected
LP000481,Quinn Brown,2025-12-06,649.0,6520.0,3310.0,334100.0,360,0.505,1.1,Salaried,Semiurban,,Rejected
LP001757,Kendall Davis,2025-03-14,648.0,3780.0,710.0,165500.0,480,0.372,9.3,Salaried,Semiurban,--,Rejected
LP001913,Kendall Johnson,2026-05-08,714.0,4900.0,4070.0,62500.0,360,0.313,1.7,Salaried,Urban,0,Approved
LP001441,Dakota Moore,2025-08-04,716.0,28800.0,0.0,208600.0,360,0.266,10.0,Salaried,Urban,0,Rejected
LP001461,Dakota Williams,2025-08-23,648.0,3510.0,0.0,127000.0,360,0.401,1.0,Self-Employed,Semiurban,2,Rejected
LP000888,Jordan Gonzalez,2025-09-24,629.0,11080.0,0.0,99900.0,360,0.374,1.7,Self-Employed,Urban,3+,Approved
LP000423,Pat Miller,2026-05-09,639.0,5320.0,0.0,120300.0,180,0.173,7.6,Self-Employed,Urban,2,Approved
LP001675,Casey Jackson,2026-08-04,797.0,12690.0,3570.0,49200.0,360,0.327,2.6,Salaried,Semiurban,0,Approved
LP001450,Alex Brown,2025-01-27,662.0,4020.0,920.0,86600.0,360,0.432,1.8,Self-Employed,Urban,1,Approved
LP000765,Reese Jackson,2026-05-30,758.0,5910.0,480.0,?,240,0.345,0.6,Contract,Semiurban,1,Rejected
LP000520,Reese Smith,2026-04-07,724.0,4430.0,0.0,143600.0,360,0.391,0.2,Salaried,Rural,1,Approved
LP001432,Taylor Wilson,2026-04-07,729.0,8910.0,7390.0,204800.0,240,0.39,7.4,Salaried,Urban,0,Approved
LP000614,Reese Davis,2026-02-01,564.0,5580.0,0.0,248100.0,480,0.348,2.8,Contract,Urban,,Rejected
LP001531,Kendall Taylor,2025-08-14,672.0,4230.0,4770.0,114000.0,360,0.33,1.5,Salaried,Rural,0,Approved
LP001783,Quinn Wilson,2025-07-04,532.0,1790.0,1120.0,230300.0,120,0.366,0.7,Salaried,Semiurban,0,Rejected
LP001659,Jordan Davis,2025-12-22,574.0,2500.0,2520.0,238100.0,360,0.35,7.0,Contract,Urban,1,Rejected
LP000454,Alex Rodriguez,2025-04-01,703.0,4290.0,0.0,159700.0,360,0.441,8.4,Salaried,Urban,0,Rejected
LP000731,Chris Jones,2026-03-22,677.0,6900.0,0.0,107700.0,240,0.239,11.0,Contract,Semiurban,0,Approved
LP000535,Avery Smith,2026-08-16,605.0,3730.0,5550.0,154700.0,360,0.273,2.9,Salaried,Rural,0,Rejected
LP000966,Quinn Smith,2025-06-19,782.0,12390.0,0.0,204900.0,480,0.384,2.6,Salaried,,0,Approved
LP001285,Avery Rodriguez,2026-09-28,593.0,2590.0,0.0,155600.0,360,0.361,2.2,Self-Employed,Urban,1,Rejected
LP001740,Reese Anderson,2026-09-13,805.0,4560.0,0.0,283300.0,360,0.517,23.4,Salaried,Urban,1,Rejected
LP000262,Cameron Thomas,2026-03-21,655.0,6650.0,0.0,186700.0,240,0.466,--,Self-Employed,Rural,3+,Rejected
LP000536,Jordan Hernandez,2025-06-27,664.0,7550.0,2630.0,180200.0,360,0.502,15.0,Salaried,--,0,Approved
LP000969,Reese Moore,2026-06-11,657.0,5160.0,0.0,223800.0,240,0.41,0.4,,Rural,1,Rejected
LP000241,Chris Martin,2025-01-05,593.0,2210.0,0.0,119800.0,360,0.353,4.9,Self-Employed,Semiurban,3+,Rejected
LP000820,Kendall Taylor,2025-03-16,751.0,4450.0,4460.0,186000.0,360,0.526,5.7,Salaried,Urban,1,Approved
LP000693,Rowan Martin,2026-04-02,568.0,3220.0,0.0,133600.0,360,0.457,8.8,Self-Employed,Urban,0,Rejected
LP000421,Rowan Johnson,2026-03-20,835.0,4550.0,0.0,117500.0,360,0.468,7.6,Salaried,Semiurban,0,Approved
LP001086,Jordan Jackson,2025-01-08,697.0,6150.0,0.0,151400.0,360,0.39,1.3,Salaried,Urban,2,Approved
LP001437,Taylor Anderson,2025-05-09,639.0,3270.0,4710.0,159900.0,120,0.405,10.6,Contract,Urban,,Rejected
LP000366,Casey Martin,2025-06-24,626.0,6070.0,2290.0,897000.0,360,0.354,0.4,Self-Employed,Urban,1,Approved
LP001023,Morgan Johnson,2025-07-06,658.0,2480.0,,null,360,0.311,4.1,Unemployed,Rural,2,Rejected
LP001241,Peyton Hernandez,2026-02-27,628.0,4000.0,2820.0,120700.0,180,0.304,0.4,NA,Semiurban,0,Approved
LP000589,Casey Moore,2025-02-27,731.0,2640.0,2230.0,149600.0,360,0.409,3.0,Self-Employed,Semiurban,0,Rejected
LP000737,Alex Anderson,2025-02-08,682.0,6210.0,4830.0,103900.0,360,0.222,13.5,Salaried,Semiurban,0,Approved
LP001762,Sam Miller,2025-04-10,723.0,2550.0,0.0,166700.0,360,0.253,1.5,Salaried,Semiurban,2,Rejected
LP000942,Taylor Jackson,2026-08-16,734.0,,2180.0,80700.0,360,0.507,0.4,Salaried,Urban,1,Rejected
LP000072,Skyler Brown,2026-07-19,791.0,5650.0,0.0,215700.0,360,0.315,6.9,Salaried,Rural,0,Approved
LP001408,Rowan Martin,2026-04-20,788.0,1700.0,840.0,157600.0,240,0.23,1.6,Self-Employed,Urban,1,Rejected
LP000260,Reese Wilson,2026-06-21,726.0,4910.0,0.0,42900.0,360,0.389,5.0,Unemployed,Semiurban,?,Approved
LP000052,Kendall Rodriguez,2025-02-03,627.0,4570.0,3200.0,73300.0,360,0.324,7.4,Self-Employed,Rural,0,Approved
LP000199,Logan Moore,2025-05-21,665.0,4670.0,1500.0,137900.0,360,0.28,2.1,Salaried,Urban,0,Approved
LP001789,Riley Moore,2026-07-01,687.0,4080.0,0.0,200400.0,360,0.31,0.4,Salaried,Urban,3+,Rejected
LP000651,Dakota Brown,2026-04-23,817.0,1920.0,0.0,148900.0,240,0.228,6.6,Self-Employed,Rural,2,Rejected
LP000333,Morgan Garcia,2026-05-08,666.0,8930.0,0.0,null,360,0.487,1.2,Salaried,Semiurban,2,Approved
LP001360,Taylor Taylor,2026-05-27,676.0,4910.0,3690.0,68800.0,120,0.404,3.4,Salaried,Urban,1,Approved
LP000594,Riley Thomas,2025-09-14,688.0,4210.0,2070.0,141700.0,180,0.336,5.0,Salaried,Urban,0,Approved
LP001392,Jamie Gonzalez,2026-09-13,602.0,4350.0,7330.0,297600.0,360,0.295,23.2,Salaried,Urban,0,Approved
LP001801,Logan Jackson,2025-09-04,822.0,3670.0,0.0,172900.0,NA,0.319,10.2,Salaried,Rural,0,Rejected
LP001315,Reese Lopez,2025-08-04,661.0,6850.0,1340.0,177400.0,360,0.391,5.3,Salaried,?,0,Approved
LP001112,Kendall Gonzalez,2026-07-20,678.0,,0.0,107200.0,360,0.32,3.5,Contract,Rural,0,Approved
LP001007,Riley Gonzalez,2026-09-06,736.0,7830.0,0.0,302300.0,360,0.38,0.6,Salaried,Semiurban,1,Rejected
LP001327,Skyler Jones,2025-10-03,580.0,8820.0,,195400.0,360,0.265,9.1,Contract,Urban,2,Approved
LP000427,Taylor Garcia,2026-07-26,578.0,4110.0,640.0,212100.0,240,0.32,--,Salaried,Rural,1,Rejected
LP001559,Riley Jones,2025-02-20,787.0,6310.0,2410.0,215700.0,180,0.485,1.3,Salaried,Rural,3+,Approved
LP001294,Casey Moore,2026-02-12,731.0,8340.0,550.0,269500.0,360,null,4.6,Self-Employed,Rural,1,Approved
LP000591,Logan Rodriguez,2025-10-01,666.0,3450.0,0.0,299800.0,240,0.292,1.6,Salaried,Semiurban,2,Rejected
LP000599,Avery Wilson,2026-07-09,622.0,8190.0,0.0,186400.0,480,0.479,5.5,Contract,Urban,1,Rejected
LP000248,Reese Anderson,2026-01-28,,4960.0,0.0,216900.0,360,0.447,0.6,Salaried,Urban,0,Rejected
LP001133,Pat Martinez,2026-02-15,797.0,1840.0,0.0,197800.0,360,0.352,7.5,Self-Employed,Urban,0,Rejected
LP000986,Chris Hernandez,2026-08-28,562.0,10260.0,1620.0,206400.0,360,0.453,17.4,Unemployed,Semiurban,2,Rejected
LP000399,Avery Jones,2026-09-19,650.0,6950.0,0.0,162900.0,180,0.537,4.4,Self-Employed,Semiurban,0,Approved
LP001512,Chris Thomas,2026-05-04,644.0,12690.0,4350.0,219800.0,360,0.314,0.1,Salaried,Urban,0,Approved
LP000437,Kendall Davis,2026-05-19,798.0,4380.0,0.0,136600.0,360,0.301,4.7,Salaried,Rural,,Approved
LP000193,Kendall Jones,2026-01-26,678.0,5360.0,1390.0,132000.0,240,0.477,1.3,Contract,Urban,3+,Approved
LP001436,Dakota Gonzalez,2025-01-24,684.0,3710.0,4530.0,184900.0,360,0.454,0.1,Contract,Rural,0,Rejected
LP000615,Logan Brown,2026-03-03,850.0,3140.0,2610.0,126900.0,360,0.112,18.0,Salaried,Semiurban,1,Approved
LP001494,Cameron Martin,2025-04-02,676.0,10880.0,0.0,157400.0,180,0.181,1.9,Salaried,Rural,2,Approved
LP000577,Chris Miller,2026-08-08,680.0,6060.0,2010.0,176900.0,360,0.446,,Contract,Semiurban,0,Approved
LP000987,Riley Lopez,2025-06-15,788.0,3630.0,1130.0,222600.0,360,0.311,8.3,Salaried,Rural,1,Rejected
LP001433,Quinn Jones,2026-02-28,733.0,5470.0,0.0,186400.0,240,0.266,2.7,Salaried,Urban,0,Approved
LP000707,Logan Martinez,2026-06-14,551.0,2850.0,4690.0,31100.0,360,0.472,0.5,Salaried,Rural,0,Approved
LP001259,Sam Anderson,2026-08-11,600.0,7710.0,0.0,218200.0,240,0.546,5.2,Salaried,Rural,2,Rejected
LP000142,Peyton Thomas,2026-05-25,771.0,5710.0,0.0,61100.0,180,0.272,7.5,Salaried,Rural,0,Approved
LP001358,Kendall Hernandez,2025-06-30,693.0,5890.0,0.0,162100.0,360,0.278,10.4,Salaried,Rural,2,Approved
LP000003,Riley Jones,2026-09-16,715.0,null,0.0,156500.0,360,0.492,7.8,Salaried,Semiurban,2,Rejected
LP001222,Reese Moore,2025-09-14,686.0,6660.0,1980.0,122800.0,360,NA,0.3,Salaried,Rural,2,Approved
LP001870,Morgan Williams,2025-08-21,625.0,2720.0,4780.0,54300.0,120,0.5,1.9,Self-Employed,Semiurban,0,Approved
LP001623,Riley Moore,2025-04-26,738.0,5770.0,0.0,217400.0,240,0.361,0.8,null,Rural,0,Rejected
LP000340,Morgan Martinez,2026-08-11,612.0,10010.0,920.0,87300.0,360,NA,3.7,Self-Employed,Semiurban,2,Approved
LP001770,Morgan Johnson,2025-09-12,707.0,4660.0,0.0,211300.0,360,2.83,,Self-Employed,Rural,0,Rejected
LP001537,Pat Wilson,2026-09-20,704.0,10560.0,1720.0,312200.0,360,0.266,1.7,Self-Employed,Semiurban,2,Approved
LP000484,Avery Moore,2026-09-07,677.0,4500.0,0.0,131800.0,240,0.492,5.0,Salaried,Rural,3+,Rejected
LP000266,Riley Garcia,2026-01-03,554.0,5610.0,3340.0,138600.0,360,0.232,2.4,Salaried,Rural,0,Approved
LP000377,Avery Jackson,2026-02-15,734.0,2850.0,0.0,108300.0,240,0.474,0.8,Self-Employed,Rural,3+,Approved
LP000742,Morgan Gonzalez,2025-09-15,551.0,4350.0,0.0,91500.0,360,0.258,0.6,Salaried,Urban,0,Rejected
LP001014,Sam Hernandez,2026-09-14,601.0,2900.0,4190.0,154100.0,360,0.426,3.5,Salaried,Urban,0,Rejected
LP000440,Jordan Garcia,2025-12-05,655.0,8250.0,1940.0,197600.0,360,0.243,2.0,Contract,Semiurban,0,Rejected
LP000272,Kendall Martin,2025-08-18,538.0,3560.0,2140.0,151200.0,360,0.485,3.9,Self-Employed,Semiurban,0,Rejected
LP000185,Jamie Jones,2026-08-21,641.0,4120.0,1800.0,207200.0,360,0.266,5.6,Contract,Semiurban,2,Rejected
LP000940,Reese Lopez,2025-10-08,612.0,5950.0,1890.0,143000.0,360,0.225,0.8,Salaried,Urban,0,Approved
LP000245,Avery Miller,2025-11-16,558.0,5400.0,0.0,384100.0,360,0.394,3.3,Salaried,Rural,1,Rejected
LP000932,Chris Smith,2026-02-02,820.0,1700.0,4790.0,382400.0,180,0.306,2.4,,Semiurban,1,Rejected
LP000446,Skyler Moore,2026-01-23,717.0,2380.0,0.0,267400.0,360,0.391,1.3,Unemployed,Rural,0,Rejected
LP000597,Rowan Davis,2025-10-30,637.0,2470.0,0.0,105900.0,,0.326,1.2,Salaried,Semiurban,0,Rejected
LP000818,Taylor Martinez,2026-04-18,736.0,6170.0,0.0,335800.0,360,0.481,16.2,Salaried,Semiurban,0,Rejected
LP001273,Peyton Moore,2025-12-31,567.0,9750.0,0.0,222200.0,360,0.315,3.0,Salaried,Semiurban,2,Rejected
LP001677,Reese Taylor,2026-07-11,763.0,3240.0,760.0,166200.0,360,0.318,2.8,Contract,Urban,2,Rejected
LP000487,Riley Brown,2026-04-09,605.0,4600.0,0.0,244500.0,180,0.282,3.7,Contract,Urban,1,Rejected
LP000681,Logan Wilson,2025-12-06,721.0,5700.0,4560.0,187900.0,180,0.468,5.2,Contract,Urban,0,Rejected
LP000416,Riley Taylor,2025-12-13,596.0,10580.0,1760.0,269500.0,360,0.213,4.3,Salaried,Semiurban,1,Approved
LP000274,Rowan Taylor,2025-08-05,661.0,4490.0,0.0,216200.0,180,0.44,3.6,Contract,Semiurban,,Rejected
LP001472,Jamie Brown,2025-11-30,608.0,4730.0,2520.0,123400.0,120,0.427,9.3,Salaried,Semiurban,0,Approved
LP001830,Taylor Lopez,2026-08-08,,4710.0,0.0,246500.0,240,0.401,4.3,Self-Employed,Urban,2,Rejected
LP001455,Reese Lopez,2025-09-26,708.0,,0.0,233000.0,360,0.23,0.9,Self-Employed,Rural,0,Rejected
LP000251,Chris Williams,2025-11-10,553.0,12110.0,0.0,260500.0,180,0.416,9.0,Salaried,Semiurban,0,Approved
LP000414,Dakota Martin,2026-08-02,769.0,8570.0,680.0,146200.0,480,0.277,1.4,Salaried,Rural,1,Approved
LP001386,Kendall Moore,2025-09-21,685.0,2510.0,null,145900.0,360,0.468,12.6,Salaried,Urban,1,Rejected
LP001308,Jordan Taylor,2026-04-14,659.0,3440.0,2980.0,283500.0,240,0.388,6.6,Salaried,Urban,0,Rejected
LP000716,Dakota Rodriguez,2025-11-25,754.0,2480.0,2140.0,377800.0,360,0.256,,Contract,Urban,0,Rejected
LP000311,Taylor Wilson,2025-04-18,641.0,6110.0,0.0,210700.0,240,0.426,5.5,Salaried,Rural,0,Rejected
LP000927,Jordan Lopez,2025-08-28,612.0,3080.0,8840.0,73200.0,180,0.523,0.5,Salaried,Semiurban,0,Approved
LP000382,Logan Anderson,2026-05-05,609.0,4740.0,0.0,233500.0,360,0.418,14.2,Self-Employed,Semiurban,2,Rejected
LP001566,Cameron Taylor,2025-05-09,636.0,6230.0,0.0,169000.0,180,0.329,2.8,,Semiurban,0,Approved
LP000426,Chris Moore,2025-06-02,776.0,10140.0,830.0,138400.0,180,0.303,3.3,Salaried,Semiurban,0,Approved
LP001875,Rowan Martin,2025-11-09,771.0,3520.0,0.0,196400.0,360,0.547,6.4,Salaried,Urban,0,Rejected
LP000533,Morgan Brown,2026-06-05,654.0,13310.0,0.0,164100.0,360,0.388,10.7,Self-Employed,Rural,1,Approved
LP000753,Chris Williams,2025-11-20,577.0,13440.0,860.0,201100.0,360,0.568,7.8,Salaried,Rural,1,Rejected
LP000766,Rowan Hernandez,2025-04-19,600.0,1720.0,0.0,178100.0,360,0.325,0.8,Salaried,Urban,0,Rejected
LP001357,Peyton Gonzalez,2025-01-10,null,6410.0,0.0,195500.0,240,0.447,5.0,Salaried,Urban,0,Rejected
LP000409,Peyton Johnson,2025-09-25,670.0,40200.0,1170.0,175700.0,360,0.564,13.3,Contract,Rural,0,Rejected
LP001615,Rowan Anderson,2025-05-06,645.0,,0.0,178600.0,360,--,1.9,Salaried,Semiurban,3+,Approved
LP000695,Rowan Rodriguez,2026-09-21,710.0,2850.0,6110.0,24600.0,360,0.368,3.8,Salaried,Rural,0,Approved
LP001739,Morgan Garcia,2025-08-15,741.0,9300.0,4680.0,173800.0,180,0.372,5.4,Salaried,Semiurban,0,Approved
LP000549,Reese Rodriguez,2026-02-12,,7300.0,2820.0,203500.0,180,0.368,1.2,Salaried,Rural,3+,Approved
LP000937,Logan Gonzalez,2025-11-28,573.0,3780.0,2110.0,165900.0,240,0.457,6.7,Salaried,Urban,0,Rejected
LP001390,Kendall Williams,2025-05-05,596.0,12070.0,0.0,238500.0,180,0.341,3.0,Salaried,Urban,0,Rejected
LP001608,Cameron Jones,2026-02-03,798.0,5230.0,0.0,133900.0,360,0.172,2.7,Self-Employed,Urban,0,Approved
LP001940,Sam Jackson,2025-01-25,668.0,7520.0,1800.0,97600.0,360,0.32,1.0,Contract,Rural,--,Approved
LP001482,Pat Anderson,2026-08-29,628.0,9630.0,5450.0,190200.0,360,0.33,2.7,Self-Employed,Urban,2,Approved
LP000183,Dakota Rodriguez,2026-04-27,569.0,6880.0,0.0,252900.0,360,0.433,0.4,Salaried,Rural,0,Rejected
LP001941,Peyton Jackson,2025-11-09,686.0,6950.0,2770.0,146300.0,180,0.367,0.3,Self-Employed,Semiurban,1,Approved
LP001161,Sam Thomas,2025-06-29,448.0,2750.0,2140.0,155900.0,180,0.338,4.6,Contract,Urban,3+,Rejected
LP000171,Rowan Taylor,2025-08-16,584.0,16420.0,0.0,205700.0,480,0.328,0.9,Salaried,Semiurban,0,Approved
LP000293,Pat Wilson,2026-03-31,610.0,13200.0,1540.0,205100.0,480,0.577,11.7,Self-Employed,Rural,3+,Approved
LP000562,Avery Smith,2025-08-11,836.0,6460.0,2930.0,NA,360,0.344,9.1,Self-Employed,Semiurban,0,Approved
LP001457,Peyton Taylor,2025-06-09,724.0,6910.0,0.0,139100.0,360,0.313,3.9,Salaried,Semiurban,1,Approved
LP001877,Dakota Garcia,2025-02-12,612.0,2730.0,0.0,117300.0,240,0.365,null,Contract,Rural,0,Rejected
LP001652,Taylor Martinez,2026-07-04,688.0,3430.0,5150.0,162000.0,null,0.295,5.4,Salaried,Urban,0,Approved
LP000850,Logan Smith,2025-06-22,615.0,5710.0,0.0,235100.0,180,0.25,3.7,Salaried,Semiurban,2,Rejected
LP000273,Jamie Anderson,2025-05-15,759.0,7130.0,0.0,175200.0,360,0.469,,Salaried,Urban,0,Approved
LP001550,Kendall Rodriguez,2026-09-25,764.0,4110.0,760.0,189500.0,240,0.196,1.3,Contract,Urban,2,Approved
LP001035,Riley Miller,2025-05-16,619.0,2150.0,0.0,136600.0,360,0.404,0.9,Contract,Semiurban,0,Rejected
LP001744,Reese Martinez,2026-05-19,759.0,8340.0,3510.0,181100.0,360,0.399,10.4,Salaried,Semiurban,0,Approved
LP000372,Riley Thomas,2025-04-06,702.0,7260.0,0.0,203800.0,360,0.373,3.4,Self-Employed,Urban,1,Approved
LP001670,Logan Jones,2026-07-27,706.0,7690.0,1050.0,247300.0,180,0.278,2.3,Salaried,null,0,Approved
LP000722,Avery Johnson,2026-07-01,515.0,6570.0,0.0,129100.0,240,0.48,0.5,Contract,Rural,2,Rejected
LP000734,Kendall Lopez,2025-01-25,515.0,7090.0,0.0,84800.0,360,0.242,10.0,Contract,Rural,2,Approved
LP000778,Rowan Martin,2026-07-01,639.0,9610.0,0.0,102300.0,360,0.449,0.7,Self-Employed,Urban,1,Approved
LP000519,Morgan Taylor,2025-05-07,668.0,6920.0,900.0,79500.0,360,0.212,4.4,Salaried,Urban,0,Approved
LP000335,Peyton Smith,2025-08-29,743.0,3900.0,2600.0,277400.0,120,0.395,4.6,Salaried,Semiurban,0,Approved
LP000846,Casey Anderson,2026-08-04,702.0,3220.0,2570.0,144000.0,360,0.277,1.7,Salaried,Semiurban,1,Approved
LP001252,Cameron Taylor,2025-03-19,731.0,6080.0,0.0,158400.0,360,0.319,9.1,Salaried,Semiurban,1,Approved
LP001053,Rowan Brown,2025-04-06,702.0,4000.0,1430.0,132200.0,480,0.3,3.5,Salaried,Urban,2,Approved
LP001924,Chris Garcia,2025-09-06,680.0,2350.0,0.0,47400.0,360,0.352,4.1,Self-Employed,Semiurban,0,Approved
LP000016,Jamie Rodriguez,2025-11-15,612.0,5140.0,0.0,42300.0,360,0.266,4.9,Salaried,Urban,0,Approved
LP000708,Jamie Jackson,2026-01-19,809.0,7670.0,1730.0,1710000.0,180,0.278,5.3,Self-Employed,Urban,1,Approved
LP000901,Pat Johnson,2026-06-07,691.0,3740.0,0.0,156200.0,360,0.408,0.0,Salaried,Urban,0,Rejected
LP000057,Quinn Williams,2025-10-08,589.0,4920.0,2650.0,122100.0,360,0.245,--,Salaried,Semiurban,2,Approved
LP001573,Cameron Miller,2026-05-21,NA,3030.0,3750.0,109600.0,180,0.265,23.2,Self-Employed,Urban,1,Approved
LP000904,Skyler Gonzalez,2026-01-08,769.0,5490.0,2050.0,20000.0,360,0.283,6.4,Salaried,Urban,,Approved
LP000466,Avery Gonzalez,2026-07-17,641.0,5630.0,0.0,289900.0,240,0.278,3.9,Salaried,Semiurban,0,Rejected
LP000352,Casey Martin,2026-04-21,785.0,2980.0,0.0,198300.0,480,0.184,11.7,Self-Employed,Rural,1,Rejected
LP000200,Dakota Martin,2025-07-25,563.0,2160.0,0.0,72800.0,360,0.188,4.2,Salaried,Semiurban,3+,Rejected
LP001207,Taylor Moore,2025-09-25,600.0,2650.0,3070.0,319800.0,180,0.518,5.9,Salaried,Semiurban,1,Rejected
LP001056,Jamie Moore,2026-09-10,603.0,2520.0,10930.0,191300.0,360,0.38,1.6,Salaried,Urban,0,Approved
LP001132,Quinn Thomas,2026-06-05,696.0,5270.0,5470.0,223800.0,240,0.346,7.2,null,Rural,0,Approved
LP001380,Taylor Smith,2025-12-09,?,7460.0,0.0,289600.0,360,0.22,1.4,Salaried,Semiurban,3+,Approved
LP000999,Jordan Smith,2026-08-10,611.0,4480.0,5500.0,240700.0,180,,3.4,null,Rural,2,Rejected
LP000728,Avery Hernandez,2025-04-17,690.0,2250.0,0.0,,360,0.338,0.7,Salaried,Semiurban,1,Rejected
LP001772,Chris Jackson,2025-07-03,804.0,11520.0,0.0,197400.0,360,0.455,0.3,Salaried,,0,Approved
LP001910,Taylor Lopez,2026-03-21,672.0,4460.0,5050.0,246900.0,360,0.214,0.6,Salaried,Semiurban,0,Approved
LP001822,Alex Hernandez,2025-08-16,667.0,3830.0,1570.0,144300.0,360,0.353,2.2,Salaried,Urban,0,Approved
LP000568,Logan Davis,2025-07-02,574.0,1620.0,1180.0,240400.0,240,0.352,9.7,Salaried,Urban,0,Rejected
LP000044,Jamie Gonzalez,2026-06-21,634.0,7000.0,1810.0,257200.0,180,0.348,3.5,Self-Employed,Semiurban,3+,Rejected
LP000275,Dakota Moore,2025-01-23,null,3550.0,0.0,261300.0,180,0.281,24.1,Unemployed,Urban,2,Rejected
LP001097,Skyler Gonzalez,2025-04-20,667.0,8770.0,0.0,191400.0,180,0.389,5.3,Unemployed,Rural,0,Rejected
LP000102,Riley Williams,2025-10-09,624.0,3190.0,1560.0,202200.0,480,0.399,2.7,Salaried,Rural,1,Rejected
LP001232,Morgan Martin,2025-01-29,544.0,6380.0,0.0,223600.0,360,0.461,0.4,Salaried,Semiurban,0,Rejected
LP001722,Jordan Davis,2025-05-13,638.0,7600.0,3810.0,256600.0,360,0.647,3.9,Self-Employed,Rural,2,Rejected
LP001833,Avery Hernandez,2025-04-07,741.0,2920.0,3080.0,271000.0,360,0.401,2.4,Self-Employed,Semiurban,0,Rejected
LP000108,Peyton Jackson,2025-08-12,675.0,7610.0,0.0,214600.0,240,0.388,14.9,Self-Employed,Urban,0,Approved
LP001618,Morgan Jackson,2025-11-02,596.0,8410.0,2310.0,299100.0,360,0.444,7.3,Contract,Semiurban,2,Rejected
LP000498,Casey Wilson,2025-04-19,644.0,4370.0,2700.0,204500.0,480,0.475,4.2,Contract,--,0,Rejected
LP001803,Morgan Davis,2026-07-13,600.0,9200.0,0.0,163800.0,360,0.191,0.3,Salaried,Semiurban,,Approved
LP000882,Taylor Taylor,2026-08-16,615.0,3100.0,5050.0,308900.0,360,0.324,4.7,Salaried,Semiurban,0,Rejected
LP000757,Logan Jones,2026-07-02,702.0,5280.0,3130.0,111900.0,360,0.601,5.4,Salaried,Urban,1,Approved
LP000620,Reese Williams,2025-09-15,679.0,4370.0,1460.0,335800.0,360,0.368,3.7,Contract,Rural,0,Rejected
LP001107,Pat Thomas,2026-09-19,712.0,3720.0,1380.0,211300.0,360,0.386,16.9,Salaried,Urban,0,Rejected
LP001936,Alex Martin,2025-07-15,532.0,6430.0,3860.0,64800.0,360,0.318,6.4,Self-Employed,Semiurban,0,Approved
LP000810,Skyler Williams,2026-09-24,584.0,6710.0,0.0,251000.0,120,0.321,5.1,Salaried,Rural,0,Rejected
LP001038,Avery Thomas,2025-07-27,536.0,5150.0,1830.0,187000.0,240,NA,1.7,Salaried,Urban,0,Rejected
LP000073,Avery Taylor,2025-12-25,657.0,9700.0,2700.0,100200.0,?,0.442,2.1,Self-Employed,Semiurban,0,Approved
LP001284,Kendall Lopez,2026-01-16,741.0,12780.0,0.0,304800.0,360,0.255,1.4,Salaried,Urban,0,Approved
LP001272,Taylor Miller,2026-09-26,712.0,7180.0,2230.0,,180,0.51,25.2,Salaried,Semiurban,2,Approved
LP001335,Riley Martinez,2025-08-04,673.0,,0.0,263100.0,180,0.433,0.4,Self-Employed,Rural,1,Rejected
LP001459,Alex Thomas,2026-02-04,770.0,4400.0,1670.0,286500.0,360,0.262,3.3,Self-Employed,,0,Rejected
LP000482,Alex Martin,2026-07-28,579.0,2950.0,0.0,191100.0,360,0.487,3.2,Self-Employed,Urban,2,Rejected
LP001069,Rowan Martinez,2025-12-25,620.0,3920.0,2350.0,121000.0,360,0.448,6.6,Self-Employed,Rural,1,Approved
LP000507,Kendall Gonzalez,2025-07-20,610.0,3680.0,0.0,267800.0,360,0.408,2.7,Salaried,Semiurban,1,Rejected
LP001238,Pat Johnson,2025-08-14,613.0,7680.0,--,234500.0,240,0.317,9.6,Salaried,Urban,3+,Approved
LP001862,Cameron Lopez,2026-01-26,729.0,6060.0,0.0,,360,0.554,3.5,Self-Employed,Rural,1,Rejected
LP001323,Kendall Martinez,2025-07-11,654.0,7640.0,0.0,71800.0,180,0.421,7.6,Unemployed,Semiurban,2,Rejected
LP001477,Dakota Anderson,2026-07-16,650.0,5580.0,1210.0,195600.0,360,0.284,0.7,Salaried,Rural,0,Approved
LP001867,Taylor Johnson,2026-03-21,748.0,4060.0,0.0,208800.0,240,0.577,1.3,Salaried,Semiurban,0,Rejected
LP001456,Cameron Anderson,2026-09-25,510.0,1390.0,1500.0,178600.0,360,0.107,0.8,Salaried,Rural,0,Rejected
LP000312,Sam Anderson,2026-06-08,753.0,6020.0,1350.0,135200.0,180,0.311,8.5,Salaried,Semiurban,0,Approved
LP000963,Skyler Davis,2026-05-29,677.0,3410.0,940.0,373800.0,360,0.206,7.4,Contract,,1,Rejected
LP000406,Quinn Brown,2026-03-28,713.0,5600.0,0.0,184500.0,180,0.351,2.1,Salaried,Semiurban,1,Approved
LP001331,Casey Gonzalez,2026-01-10,,3190.0,3990.0,171600.0,120,0.219,0.7,Contract,Rural,null,Approved
LP001650,Kendall Martin,2025-12-31,850.0,4390.0,2220.0,129000.0,360,0.298,14.1,Salaried,Rural,0,Approved
LP000310,Peyton Smith,2026-03-05,643.0,5430.0,2590.0,165300.0,240,0.305,3.9,Salaried,Urban,0,Approved
LP000227,Peyton Miller,2026-02-18,665.0,2200.0,4470.0,112700.0,360,0.406,1.8,Salaried,Rural,0,Approved
LP001858,Alex Johnson,2026-09-02,639.0,1840.0,0.0,54700.0,360,0.391,6.4,Salaried,Rural,2,Rejected
LP000711,Chris Martin,2026-04-02,678.0,2730.0,0.0,101200.0,180,0.306,15.4,Salaried,Rural,0,Rejected
LP001944,Avery Moore,2026-09-24,631.0,1890.0,0.0,58900.0,360,0.289,2.0,Salaried,Rural,1,Approved
LP001384,Taylor Garcia,2026-07-28,null,6550.0,690.0,null,360,0.279,6.2,,Urban,0,Rejected
LP001786,Casey Gonzalez,2026-06-01,536.0,4620.0,3420.0,175200.0,360,0.415,2.8,Salaried,Semiurban,0,Rejected
LP000149,Morgan Jackson,2026-08-21,704.0,2260.0,0.0,68600.0,180,0.405,5.5,Self-Employed,Semiurban,3+,Approved
LP001555,Skyler Brown,2025-07-12,641.0,3820.0,0.0,227000.0,360,0.278,1.2,Salaried,Semiurban,0,Rejected
LP001467,Quinn Brown,2026-06-24,802.0,7480.0,0.0,154200.0,240,0.399,2.0,Self-Employed,Rural,2,Approved
LP000926,Logan Anderson,2026-01-14,531.0,3120.0,0.0,239900.0,360,0.274,3.8,Contract,Urban,null,Rejected
LP000943,Sam Taylor,2026-07-12,715.0,7220.0,4780.0,315600.0,360,0.415,5.9,Self-Employed,Urban,0,Approved
LP000837,Skyler Taylor,2025-11-22,,3340.0,0.0,291400.0,360,0.463,6.6,Salaried,Urban,0,Rejected
LP000576,Jamie Wilson,2026-08-20,472.0,6260.0,0.0,337500.0,180,0.433,5.4,Contract,Urban,3+,Rejected
LP000558,Quinn Brown,2025-11-03,623.0,9160.0,0.0,361400.0,?,0.406,4.0,Self-Employed,Semiurban,2,Rejected
LP001236,Cameron Anderson,2025-03-11,799.0,9560.0,1400.0,106600.0,120,0.552,5.9,Salaried,Semiurban,0,Approved
LP001361,Logan Johnson,2025-05-18,659.0,2720.0,,123600.0,180,0.264,3.1,Self-Employed,Urban,1,Rejected
LP001348,Jordan Williams,2025-10-04,739.0,3060.0,0.0,248000.0,360,0.363,0.6,Salaried,Rural,0,Rejected
LP001162,Jamie Davis,2026-05-22,850.0,4270.0,0.0,77800.0,360,0.342,0.2,Salaried,Semiurban,0,Approved
LP001443,Kendall Martin,2026-02-11,675.0,4740.0,1090.0,199900.0,360,0.311,1.7,Self-Employed,NA,0,Rejected
LP000287,Riley Gonzalez,2025-02-19,647.0,4950.0,3200.0,102800.0,360,0.416,8.5,Salaried,Semiurban,0,Approved
LP001605,Morgan Brown,2026-06-18,619.0,1960.0,6390.0,163100.0,360,0.328,1.4,Salaried,Rural,0,Approved
LP001058,Pat Martin,2025-01-02,760.0,2270.0,0.0,194600.0,240,0.267,1.6,Salaried,Semiurban,0,Rejected
LP000599,Avery Wilson,2026-07-09,622.0,8190.0,0.0,186400.0,480,0.479,5.5,Contract,Urban,1,Rejected
LP000933,Sam Martin,2026-04-26,537.0,3630.0,0.0,198200.0,360,0.357,0.5,Contract,Urban,0,Rejected
LP001462,Morgan Jones,2025-09-11,556.0,4020.0,0.0,234000.0,240,0.417,3.3,Contract,Urban,0,Rejected
LP001638,Peyton Wilson,2026-09-03,696.0,3110.0,0.0,124900.0,240,0.405,3.1,Self-Employed,Urban,0,Rejected
LP001588,Casey Williams,2025-03-15,629.0,3270.0,1460.0,202200.0,360,0.345,4.0,Salaried,Semiurban,0,Rejected
LP001041,Alex Brown,2026-03-06,803.0,10490.0,0.0,201500.0,360,0.337,7.5,Salaried,Semiurban,2,Approved
LP001231,Pat Williams,2026-08-24,613.0,8020.0,4020.0,145600.0,480,0.335,12.7,Salaried,,0,Approved
LP000807,Taylor Martinez,2025-06-14,679.0,5420.0,1670.0,221800.0,360,0.24,--,Salaried,Urban,1,Approved
LP000905,Kendall Thomas,2026-05-30,676.0,9040.0,0.0,104700.0,360,0.207,2.8,Contract,Urban,1,Approved
LP001680,Chris Lopez,2026-04-25,623.0,3580.0,3020.0,266400.0,360,0.191,3.8,Salaried,Urban,,Rejected
LP001205,Taylor Johnson,2026-08-12,664.0,2920.0,0.0,160100.0,120,0.349,2.2,Salaried,Urban,2,Rejected
LP000768,Reese Williams,2025-11-05,811.0,,0.0,304800.0,360,0.411,4.4,Salaried,Semiurban,1,Rejected
LP000610,Quinn Martin,2026-06-08,787.0,7800.0,3990.0,223500.0,120,0.384,8.4,Salaried,Urban,0,Approved
LP000071,Skyler Garcia,2026-08-24,691.0,5060.0,3720.0,145600.0,180,0.419,7.0,null,Rural,0,Approved
LP001565,Taylor Williams,2025-10-03,723.0,6110.0,1670.0,105900.0,360,0.381,0.3,Salaried,Urban,0,Approved
LP001423,Riley Hernandez,2025-10-26,629.0,10150.0,2490.0,217200.0,360,0.448,0.3,Self-Employed,Semiurban,2,Rejected
LP001011,Dakota Thomas,2025-03-29,772.0,3250.0,0.0,209700.0,360,0.317,,Salaried,Urban,0,Rejected
LP000494,Kendall Jones,2025-10-26,587.0,6940.0,2560.0,NA,240,0.415,1.2,Self-Employed,Rural,0,Rejected
LP001321,Alex Smith,2026-09-20,665.0,58300.0,0.0,299400.0,360,0.376,1.3,Salaried,Semiurban,3+,Rejected
LP000278,Casey Davis,2025-06-23,609.0,3640.0,2920.0,20000.0,360,0.441,0.5,Salaried,Rural,1,Approved
LP001847,Riley Jackson,2026-08-08,768.0,4530.0,1300.0,,360,0.544,6.4,Salaried,Rural,1,Approved
LP000359,Reese Jackson,2025-11-17,687.0,6420.0,860.0,195800.0,240,0.38,0.8,Salaried,Urban,1,Approved
LP001111,Morgan Jackson,2026-02-28,644.0,5760.0,0.0,275000.0,360,0.098,null,Salaried,Semiurban,0,Approved
LP000237,Jamie Gonzalez,2025-11-26,488.0,2410.0,3700.0,192200.0,180,0.331,1.2,Salaried,Semiurban,3+,Rejected
LP000552,Chris Williams,2026-04-09,647.0,7980.0,0.0,280900.0,240,0.316,0.6,Salaried,Urban,1,Rejected
LP001868,Avery Smith,2026-03-03,756.0,4620.0,1290.0,105700.0,360,0.444,11.3,Salaried,Semiurban,0,Approved
LP001813,Peyton Jones,2025-02-05,797.0,3270.0,0.0,226400.0,360,0.261,8.7,Salaried,Urban,0,Rejected
LP000209,Riley Miller,2026-05-15,704.0,9330.0,1990.0,209700.0,null,0.439,2.3,Contract,,2,Approved
LP001387,Skyler Wilson,2025-12-19,771.0,48000.0,0.0,256200.0,180,0.223,0.4,Self-Employed,Rural,1,Rejected
LP001561,Cameron Thomas,2025-01-23,658.0,9050.0,0.0,286100.0,360,0.189,0.1,Salaried,Semiurban,,Approved
LP000059,Sam Garcia,2026-04-21,688.0,6830.0,0.0,66500.0,360,NA,1.0,Contract,Semiurban,3+,Approved
LP000632,Kendall Rodriguez,2026-04-05,790.0,5970.0,0.0,212300.0,360,0.476,2.2,Salaried,Urban,2,Approved
LP001613,Logan Miller,2026-07-17,735.0,1640.0,0.0,168400.0,360,,1.0,Salaried,Semiurban,2,Rejected
LP001860,Dakota Garcia,2025-02-08,682.0,7370.0,0.0,89100.0,360,0.407,2.8,Salaried,Semiurban,0,Approved
LP001817,Quinn Johnson,2026-06-15,477.0,3020.0,2270.0,295300.0,360,0.467,2.3,null,Semiurban,0,Rejected
LP000364,Pat Lopez,2025-01-10,694.0,6300.0,2650.0,225000.0,360,0.368,3.6,Salaried,Semiurban,1,Approved
LP000506,Jamie Moore,2026-09-18,619.0,10340.0,0.0,215600.0,180,0.448,11.9,Salaried,Urban,0,Approved
LP001166,Jamie Martinez,2026-06-15,850.0,5570.0,5410.0,324500.0,120,0.116,4.7,Salaried,Urban,0,Approved
LP001122,Morgan Martin,2026-08-15,761.0,11510.0,?,146100.0,360,0.255,7.7,Self-Employed,Urban,3+,Approved
LP001630,Avery Johnson,2026-08-22,732.0,2880.0,3690.0,266100.0,360,0.248,2.4,Salaried,Semiurban,0,Approved
LP001217,Morgan Garcia,2025-04-30,603.0,4040.0,0.0,147300.0,360,0.474,9.5,Self-Employed,Semiurban,0,Rejected
LP001152,Reese Rodriguez,2026-09-16,477.0,7540.0,2830.0,71800.0,360,0.466,18.6,Self-Employed,Rural,2,Approved
LP001125,Skyler Davis,2025-05-22,NA,3410.0,0.0,77100.0,360,0.343,2.4,Salaried,Urban,0,Approved
LP001595,Alex Miller,2025-01-13,459.0,9780.0,4830.0,241300.0,180,0.321,0.4,Self-Employed,Rural,2,Rejected
LP000119,Pat Moore,2026-09-01,757.0,10010.0,1820.0,20000.0,180,0.34,1.4,Self-Employed,Rural,2,Approved
LP001250,Kendall Thomas,2026-02-13,528.0,6120.0,0.0,128700.0,360,0.342,4.5,Unemployed,Urban,,Rejected
LP001054,Sam Brown,2026-05-09,682.0,12630.0,2000.0,235600.0,360,0.357,8.2,Salaried,Rural,0,Approved
LP000523,Quinn Rodriguez,2026-06-01,604.0,3320.0,0.0,209200.0,NA,0.267,2.0,Salaried,Semiurban,1,Rejected
LP000514,Cameron Jones,2025-12-13,583.0,2650.0,0.0,104100.0,180,0.334,4.4,Contract,Semiurban,0,Rejected
LP000082,Jordan Davis,2025-06-16,690.0,3020.0,3780.0,177600.0,360,0.382,16.0,Contract,Urban,2,Approved
LP000916,Casey Williams,2026-08-03,684.0,4210.0,0.0,257100.0,360,0.461,null,Salaried,Rural,1,Rejected
LP001019,Jamie Davis,2026-02-25,633.0,1980.0,630.0,230700.0,360,0.314,3.0,Self-Employed,Urban,0,Rejected
LP000381,Kendall Hernandez,2026-01-30,589.0,4240.0,0.0,278600.0,180,0.264,2.5,Salaried,Urban,0,Rejected
LP001030,Skyler Anderson,2026-08-28,573.0,5430.0,2630.0,176900.0,360,0.226,4.0,Salaried,Semiurban,0,Approved
LP001689,Chris Johnson,2025-10-30,684.0,4620.0,0.0,291900.0,360,0.341,1.4,Salaried,Semiurban,0,Rejected
LP000085,Taylor Moore,2025-08-15,591.0,8350.0,0.0,338300.0,360,0.135,0.3,Salaried,Urban,0,Approved
LP001678,Logan Johnson,2025-12-23,789.0,7200.0,2230.0,171400.0,360,NA,1.5,Salaried,Semiurban,1,Approved
LP000330,Reese Rodriguez,2026-07-16,713.0,6190.0,0.0,114200.0,360,0.205,6.4,Contract,Semiurban,0,Approved
LP000007,Alex Williams,2025-12-06,794.0,1690.0,0.0,156300.0,180,0.216,1.0,Self-Employed,Urban,0,Rejected
LP000746,Taylor Wilson,2025-08-22,598.0,10050.0,0.0,246400.0,180,0.44,0.5,Salaried,Semiurban,1,Rejected
LP001554,Peyton Rodriguez,2026-05-19,590.0,5040.0,0.0,106000.0,360,0.289,6.3,?,Semiurban,0,Rejected
LP000915,Logan Taylor,2026-08-03,--,6030.0,2490.0,,240,0.284,2.6,Salaried,Rural,2,Approved
LP000874,Rowan Moore,2025-07-21,598.0,2430.0,4800.0,103100.0,360,0.411,5.5,Salaried,Rural,0,Rejected
LP000452,Taylor Davis,2026-08-10,741.0,5370.0,5630.0,235800.0,360,NA,7.2,Contract,Semiurban,1,Approved
LP000491,Casey Wilson,2025-01-03,659.0,11790.0,5170.0,294500.0,360,0.264,1.0,Contract,Urban,2,Approved
LP001481,Alex Martin,2025-07-01,721.0,6210.0,690.0,202200.0,360,,4.3,Salaried,Semiurban,0,Approved
LP000288,Sam Miller,2025-04-21,710.0,3050.0,2090.0,143700.0,180,0.531,4.9,Salaried,Semiurban,0,Approved
LP000949,Cameron Moore,2026-08-25,656.0,4260.0,4200.0,184200.0,360,0.295,0.2,Self-Employed,Semiurban,1,Approved
LP001028,Jamie Miller,2026-04-10,670.0,3220.0,0.0,52100.0,360,0.454,7.0,Self-Employed,,1,Approved
LP001369,Riley Lopez,2026-08-05,,8610.0,2060.0,33400.0,360,0.241,1.6,Self-Employed,Semiurban,2,Approved
LP001147,Skyler Thomas,2025-03-07,567.0,8270.0,0.0,155700.0,360,0.414,3.8,Self-Employed,Rural,1,Rejected
LP000706,Jamie Garcia,2025-01-26,712.0,7530.0,0.0,197600.0,120,1.7,11.7,Salaried,Urban,2,Approved
LP001727,Sam Gonzalez,2026-05-13,,52400.0,4920.0,236900.0,360,0.428,5.9,Salaried,?,2,Rejected
LP001702,Taylor Moore,2025-09-02,702.0,6470.0,2180.0,300400.0,360,0.184,6.6,Self-Employed,,2,Approved
LP001629,Pat Gonzalez,2025-10-10,666.0,3270.0,0.0,202900.0,360,0.401,0.3,Salaried,Semiurban,2,Rejected
LP001600,Alex Hernandez,2025-09-11,598.0,4830.0,0.0,163300.0,240,0.245,15.8,Salaried,Rural,0,Rejected
LP001539,Avery Johnson,2025-10-19,561.0,3100.0,0.0,51400.0,240,0.509,10.6,Self-Employed,,0,Rejected
LP001406,Logan Rodriguez,2026-09-21,--,4520.0,1200.0,196900.0,360,0.377,0.4,Self-Employed,Semiurban,0,Rejected
LP001651,Sam Rodriguez,2025-06-07,709.0,,3000.0,179100.0,240,0.255,4.1,Salaried,Semiurban,1,Approved
LP000328,Quinn Brown,2025-06-14,727.0,2770.0,0.0,176400.0,240,0.346,7.4,,Urban,1,Rejected
LP000443,Reese Brown,2026-06-04,484.0,2330.0,3030.0,142900.0,360,0.335,15.6,Salaried,Semiurban,1,Rejected
LP000775,Jordan Johnson,2025-02-01,713.0,13110.0,0.0,249500.0,360,0.465,4.2,Salaried,Rural,1,Approved
LP001088,Alex Anderson,2026-06-20,680.0,5350.0,2660.0,285100.0,360,0.457,5.1,,Rural,1,Rejected
LP001221,Alex Martinez,2026-08-12,559.0,3060.0,0.0,151200.0,480,0.349,12.7,Salaried,Rural,2,Rejected
LP001636,Logan Hernandez,2026-08-19,626.0,2570.0,0.0,106700.0,180,0.306,2.8,Self-Employed,Urban,0,Rejected
LP000178,Rowan Miller,2025-09-24,784.0,8580.0,0.0,178800.0,360,0.567,2.6,Salaried,Semiurban,2,Approved
LP001323,Kendall Martinez,2025-07-11,654.0,7640.0,0.0,71800.0,180,0.421,7.6,Unemployed,Semiurban,2,Rejected
LP000705,Dakota Anderson,2025-10-17,528.0,3540.0,0.0,70600.0,120,0.296,1.4,Self-Employed,Rural,1,Rejected
LP000087,Quinn Moore,2025-07-31,738.0,5980.0,3300.0,155800.0,360,0.385,2.1,Salaried,Semiurban,1,Approved
LP001884,Avery Martinez,2025-08-15,610.0,2410.0,760.0,122500.0,180,0.31,2.8,Salaried,Urban,0,Rejected
LP001948,Rowan Thomas,2025-02-15,658.0,7010.0,0.0,260600.0,180,0.476,6.0,Self-Employed,Rural,0,Rejected
LP000458,Casey Garcia,2025-05-02,572.0,7440.0,0.0,174200.0,360,0.304,3.8,Self-Employed,Rural,0,Rejected
LP001829,Skyler Lopez,2026-07-24,652.0,1740.0,1720.0,198500.0,360,0.332,0.4,Salaried,Rural,2,Rejected
LP000055,Logan Davis,2026-01-05,748.0,1910.0,580.0,146200.0,360,0.273,1.1,Salaried,Urban,0,Rejected
LP001502,Morgan Davis,2025-01-11,613.0,2620.0,4070.0,152200.0,360,0.255,1.0,Salaried,Semiurban,0,Rejected
LP000644,Peyton Brown,2025-09-28,532.0,5060.0,3200.0,108700.0,240,0.503,3.3,Salaried,Semiurban,0,Rejected
LP000678,Peyton Moore,2025-12-24,809.0,6970.0,0.0,158400.0,360,0.255,2.1,Salaried,Urban,0,Approved
LP000222,Morgan Martin,2025-04-01,501.0,4730.0,2570.0,141800.0,360,0.366,1.9,Salaried,Rural,1,Rejected
LP000114,Dakota Anderson,2025-04-15,850.0,4670.0,0.0,180100.0,180,0.37,1.2,Contract,Rural,1,Approved
LP000983,Jordan Brown,2026-05-06,578.0,3150.0,0.0,80700.0,360,--,4.2,Salaried,Urban,0,Rejected
LP001229,Dakota Martin,2026-04-15,742.0,8000.0,0.0,20000.0,?,0.186,1.4,Salaried,Semiurban,0,Approved
LP001000,Taylor Johnson,2025-05-31,709.0,2170.0,1840.0,197300.0,360,0.331,9.7,Unemployed,Semiurban,0,Rejected
LP000175,Morgan Brown,2026-03-07,684.0,4970.0,3140.0,244100.0,360,0.496,8.8,Salaried,Semiurban,2,Approved
LP000782,Reese Jackson,2026-07-13,546.0,11410.0,0.0,245800.0,360,0.518,0.2,Salaried,Semiurban,3+,Rejected
LP000590,Morgan Anderson,2025-07-24,587.0,5050.0,4350.0,265000.0,360,0.394,,Contract,Urban,0,Rejected
LP001560,Jamie Davis,2026-07-02,637.0,3760.0,2360.0,168500.0,180,0.504,1.0,Self-Employed,Rural,3+,Rejected
LP000019,Taylor Gonzalez,2025-04-11,583.0,4460.0,2960.0,208600.0,120,0.358,1.9,Salaried,Urban,null,Rejected
LP000424,Casey Williams,2025-12-21,NA,6320.0,1360.0,194400.0,180,0.227,5.5,Salaried,Urban,2,Approved
LP001344,Morgan Taylor,2025-05-15,761.0,5820.0,0.0,204000.0,180,0.307,2.3,Contract,Semiurban,NA,Approved
LP000286,Sam Jones,2026-09-01,494.0,7080.0,0.0,228100.0,240,0.333,,Salaried,,1,Rejected
LP001584,Reese Anderson,2025-05-30,665.0,2650.0,0.0,162900.0,360,0.3,28.4,Self-Employed,Urban,3+,Rejected
LP000429,Reese Martin,2025-02-25,750.0,4000.0,2040.0,302900.0,360,0.372,9.5,Salaried,Rural,0,Approved
LP001510,Quinn Moore,2025-01-09,786.0,28400.0,0.0,160200.0,360,0.587,4.2,Salaried,Rural,0,Rejected
LP001319,Alex Moore,2025-11-30,608.0,5520.0,0.0,172200.0,480,0.395,1.6,Contract,Semiurban,3+,Rejected
LP000670,Dakota Hernandez,2025-03-11,753.0,10180.0,0.0,186300.0,240,0.461,0.2,Salaried,Rural,1,Approved
LP000032,Cameron Rodriguez,2026-02-21,817.0,2470.0,0.0,187300.0,360,0.405,2.1,Salaried,Urban,0,Rejected
LP000941,Logan Anderson,2025-09-27,551.0,5270.0,2090.0,29200.0,360,0.322,4.9,Salaried,Semiurban,0,Approved
LP000723,Riley Gonzalez,2025-01-08,545.0,5600.0,1530.0,144000.0,240,0.351,2.4,Salaried,Urban,2,Rejected
LP000995,Peyton Jackson,2025-06-14,575.0,5780.0,1750.0,166200.0,360,0.343,1.7,Contract,Semiurban,0,Rejected
LP000215,Taylor Rodriguez,2026-04-08,633.0,10830.0,0.0,288500.0,240,0.372,16.9,Salaried,Rural,2,Rejected
LP000814,Chris Miller,2025-07-05,677.0,3580.0,0.0,186800.0,240,?,7.6,Salaried,Urban,--,Rejected
LP000327,Riley Jones,2025-10-30,758.0,6900.0,0.0,298200.0,180,0.398,5.1,Contract,Semiurban,3+,Approved
LP000561,Peyton Martinez,2026-07-21,685.0,6250.0,0.0,32100.0,360,0.132,4.3,Salaried,Semiurban,2,Approved
LP001113,Cameron Lopez,2026-07-25,734.0,4690.0,850.0,171500.0,360,0.414,2.2,Self-Employed,Urban,--,Approved
LP000701,Cameron Williams,2025-04-27,616.0,3120.0,2930.0,127700.0,360,0.308,6.0,Self-Employed,,1,Rejected
LP001579,Peyton Thomas,2026-01-16,598.0,1970.0,0.0,251500.0,480,0.33,6.9,Contract,Urban,2,Rejected
LP001190,Kendall Jones,2025-01-16,,4300.0,2130.0,50800.0,360,0.217,1.3,Salaried,Urban,1,Approved
LP000342,Peyton Johnson,2025-06-02,681.0,8020.0,0.0,287900.0,240,0.408,0.2,Salaried,Semiurban,0,Rejected
LP000630,Alex Rodriguez,2025-07-18,753.0,11840.0,0.0,257300.0,--,0.392,0.9,Salaried,Rural,2,Approved
LP000148,Riley Gonzalez,2025-02-06,548.0,2880.0,0.0,149700.0,360,0.481,2.1,Self-Employed,Rural,0,Rejected
LP001310,Jordan Smith,2026-06-15,700.0,10080.0,0.0,191000.0,180,0.38,2.3,Salaried,Urban,0,Approved
LP000361,Jamie Smith,2025-04-29,704.0,4190.0,0.0,233200.0,360,0.369,3.4,Salaried,Semiurban,2,Rejected
LP000084,Taylor Thomas,2025-08-08,616.0,6330.0,2850.0,93600.0,360,0.335,20.4,Self-Employed,Semiurban,0,Approved
LP000049,Reese Jones,2025-07-25,689.0,,1830.0,--,480,0.513,10.8,Salaried,Urban,0,Rejected
LP000469,Jamie Rodriguez,2026-09-11,615.0,5980.0,2500.0,131200.0,360,0.342,3.6,Salaried,Urban,0,Approved
LP000156,Pat Hernandez,2026-01-03,599.0,11170.0,0.0,99300.0,null,null,4.6,Salaried,Rural,3+,Approved
LP000773,Taylor Martinez,2026-01-26,?,2890.0,9650.0,142200.0,180,0.401,0.4,Self-Employed,Semiurban,2,Approved
LP001240,Avery Davis,2025-11-20,798.0,12270.0,,298800.0,240,0.426,2.6,Self-Employed,Urban,0,Approved
LP001201,Reese Martinez,2026-09-13,671.0,7490.0,950.0,193000.0,480,0.379,3.2,Contract,Urban,NA,Rejected
LP001403,Dakota Rodriguez,2026-04-03,761.0,6090.0,0.0,268800.0,360,0.369,4.2,Salaried,Rural,0,Rejected
LP001203,Casey Smith,2026-04-11,670.0,1150.0,0.0,58600.0,360,0.246,2.1,Salaried,Semiurban,0,Rejected
LP001631,Riley Thomas,2025-05-03,701.0,14220.0,6130.0,205600.0,360,0.274,11.7,Salaried,Semiurban,2,Approved
LP000501,Avery Martinez,2026-05-20,739.0,3110.0,0.0,81000.0,180,0.374,5.2,Unemployed,Semiurban,0,Rejected
LP001765,Peyton Rodriguez,2026-06-29,639.0,8150.0,3820.0,147800.0,360,0.454,3.1,Salaried,Semiurban,0,Rejected
LP000180,Casey Taylor,2025-10-29,850.0,7040.0,2500.0,164000.0,180,0.183,0.9,Salaried,Semiurban,2,Approved
LP001048,Logan Moore,2026-09-07,526.0,2640.0,1410.0,112100.0,360,0.3,2.6,Self-Employed,Rural,1,Rejected
LP001756,Reese Moore,2025-02-11,777.0,5730.0,3690.0,140100.0,360,0.316,7.4,Salaried,Rural,1,Approved
LP000951,Casey Anderson,2026-06-14,639.0,4800.0,8390.0,163900.0,180,0.422,12.8,Salaried,Semiurban,0,Approved
LP001317,Rowan Thomas,2026-08-18,569.0,3170.0,1380.0,355900.0,360,0.207,2.3,Salaried,Semiurban,0,Rejected
LP001620,Dakota Hernandez,2026-01-05,758.0,7720.0,0.0,240100.0,360,0.362,5.9,Salaried,Urban,0,Approved
LP000529,Jordan Martin,2026-07-21,null,2520.0,1870.0,238000.0,360,0.334,3.9,Salaried,Rural,0,Rejected
LP000347,Dakota Thomas,2025-09-20,537.0,6060.0,3200.0,83600.0,360,0.414,0.3,Self-Employed,Rural,0,Rejected
LP001388,Morgan Smith,2025-01-21,793.0,4560.0,0.0,194100.0,360,0.421,12.3,Salaried,Semiurban,0,Approved
LP000368,Alex Taylor,2026-01-02,661.0,3610.0,2090.0,202000.0,360,0.363,8.6,Salaried,Semiurban,2,Rejected
LP001051,Reese Moore,2026-05-31,607.0,1890.0,3700.0,122500.0,360,0.363,4.8,Salaried,Rural,1,Approved
LP001055,Cameron Lopez,2025-05-14,613.0,6490.0,0.0,158400.0,360,0.594,4.0,Contract,Semiurban,1,Rejected
LP001442,Jordan Lopez,2025-06-20,760.0,3290.0,0.0,280700.0,360,0.219,3.8,Salaried,Rural,2,Rejected
LP000602,Avery Thomas,2026-04-09,582.0,1920.0,0.0,142200.0,360,0.334,9.6,Contract,Urban,0,Rejected
LP001282,Jamie Martinez,2025-02-13,647.0,1780.0,5750.0,75000.0,360,0.238,6.6,Salaried,Rural,2,Approved
LP000244,Alex Martinez,2025-12-19,734.0,2490.0,13290.0,125100.0,360,0.399,4.0,Self-Employed,Urban,0,Approved
LP001337,Taylor Gonzalez,2026-01-17,608.0,4170.0,8790.0,228300.0,360,0.48,2.7,Self-Employed,Semiurban,0,Rejected
LP001068,Chris Gonzalez,2026-01-26,759.0,1190.0,4960.0,345700.0,360,0.516,0.1,Self-Employed,Semiurban,0,Rejected
LP001476,Jamie Moore,2025-10-06,715.0,8370.0,0.0,130300.0,360,0.345,,Self-Employed,Urban,0,Approved
LP000313,Chris Johnson,2026-09-25,730.0,9120.0,2470.0,292000.0,180,0.303,2.3,Self-Employed,Rural,0,Approved
LP000436,Dakota Brown,2025-03-18,666.0,3360.0,1700.0,191400.0,360,0.237,18.2,Self-Employed,Urban,1,Approved
LP001899,Quinn Rodriguez,2025-12-11,?,4560.0,1070.0,145300.0,360,0.48,5.9,Self-Employed,Urban,0,Approved
LP001329,Rowan Taylor,2026-09-20,557.0,5110.0,8420.0,,240,0.383,2.0,Salaried,Urban,0,Rejected
LP000309,Cameron Jackson,2025-05-21,707.0,1340.0,0.0,162500.0,360,0.05,6.0,Salaried,Rural,0,Rejected
LP000431,Jordan Davis,2025-06-10,559.0,3040.0,0.0,223300.0,360,0.278,0.8,Contract,Rural,1,Rejected
LP000661,Reese Taylor,2026-08-10,611.0,6810.0,0.0,164800.0,240,0.287,0.9,Self-Employed,Rural,0,Rejected
LP000371,Quinn Moore,2025-10-02,662.0,6120.0,0.0,181600.0,360,0.315,9.3,Salaried,Rural,2,Rejected
LP000567,Riley Martin,2025-05-16,487.0,5130.0,4870.0,264100.0,480,0.387,0.2,Unemployed,Urban,0,Rejected
LP000980,Kendall Jackson,2025-12-05,725.0,8040.0,2720.0,135500.0,180,0.365,4.5,Salaried,Rural,0,Approved
LP000182,Jordan Williams,2025-05-01,587.0,4960.0,7040.0,95400.0,360,0.35,7.7,Salaried,Semiurban,1,Approved
LP001363,Riley Williams,2026-07-01,670.0,13950.0,4160.0,189800.0,360,0.334,3.0,Salaried,Urban,0,Approved
LP000622,Alex Johnson,2026-09-28,700.0,2380.0,0.0,142200.0,240,0.48,?,Salaried,Urban,1,Rejected
LP000819,Morgan Taylor,2026-07-17,667.0,3800.0,0.0,345500.0,360,0.293,0.5,null,Semiurban,0,Rejected
LP001193,Morgan Miller,2026-07-17,609.0,4680.0,0.0,210800.0,480,0.417,3.1,Salaried,Semiurban,0,Rejected
LP000953,Avery Thomas,2026-01-21,554.0,3700.0,0.0,191300.0,360,0.238,17.8,Salaried,Rural,0,Rejected
LP001422,Quinn Jackson,2025-11-21,751.0,2700.0,0.0,,360,0.51,2.2,Salaried,Semiurban,NA,Approved
LP001841,Avery Jones,2026-08-20,--,6590.0,870.0,201500.0,360,0.338,0.2,Self-Employed,Semiurban,0,Rejected
LP000923,Avery Anderson,2025-08-26,671.0,1730.0,1080.0,125900.0,360,0.482,0.8,Salaried,Rural,0,Rejected
LP001074,Quinn Smith,2025-05-18,551.0,8750.0,0.0,133100.0,180,0.354,5.4,Salaried,Rural,0,Approved
LP000297,Alex Lopez,2025-09-16,736.0,3140.0,650.0,163900.0,360,0.339,28.3,Salaried,Semiurban,1,Rejected
LP000967,Logan Moore,2025-08-24,603.0,4500.0,2620.0,151800.0,360,0.538,7.5,Salaried,Urban,2,Approved
LP000462,Dakota Hernandez,2026-02-18,663.0,10600.0,0.0,146400.0,360,0.46,5.1,Salaried,Semiurban,2,Approved
LP001303,Quinn Anderson,2025-02-03,645.0,6760.0,0.0,53500.0,180,0.157,3.1,Self-Employed,Semiurban,2,Approved
LP001177,Sam Thomas,2026-01-04,516.0,1890.0,1500.0,153600.0,360,0.452,1.9,Salaried,Rural,0,Rejected
LP000378,Logan Thomas,2026-02-14,676.0,4050.0,0.0,353800.0,360,0.324,2.0,Salaried,Rural,0,Rejected
LP000799,Morgan Moore,2025-03-29,662.0,5960.0,4010.0,236800.0,360,0.189,2.2,Salaried,Rural,2,Approved
LP001103,Pat Davis,2026-07-03,838.0,4250.0,6150.0,323500.0,360,0.284,,Salaried,Semiurban,0,Approved
LP000106,Quinn Miller,2026-04-16,694.0,3260.0,10940.0,132900.0,120,0.291,3.3,Salaried,Urban,0,Approved
LP000127,Taylor Davis,2025-10-11,576.0,6690.0,2550.0,195400.0,360,0.429,0.2,Contract,Rural,--,Rejected
LP000893,Peyton Hernandez,2026-01-10,751.0,10290.0,0.0,140100.0,180,0.343,11.4,Salaried,Semiurban,0,Approved
LP000839,Pat Martin,2026-04-07,744.0,3910.0,4360.0,163400.0,240,0.55,6.9,Self-Employed,Semiurban,0,Approved
LP000356,Jamie Davis,2025-02-10,575.0,23270.0,3480.0,54600.0,360,0.5,6.6,Salaried,Rural,0,Approved
LP001617,Morgan Jones,2026-05-08,685.0,5510.0,2460.0,267500.0,360,0.349,7.6,NA,Semiurban,0,Approved
LP000683,Rowan Martinez,2026-01-05,615.0,5420.0,0.0,67300.0,360,0.393,19.1,Salaried,Rural,2,Approved
LP000813,Logan Martinez,2025-04-28,783.0,7690.0,5430.0,174700.0,360,0.468,4.2,Salaried,Rural,1,Approved
LP001681,Chris Rodriguez,2025-10-09,694.0,6620.0,0.0,NA,180,0.402,0.4,Salaried,Semiurban,0,Rejected
LP000210,Reese Lopez,2025-12-07,850.0,6500.0,0.0,192700.0,360,0.523,7.8,Self-Employed,Urban,0,Approved
LP001493,Jamie Martin,2025-08-21,612.0,5270.0,3160.0,47400.0,360,0.425,0.9,Salaried,Urban,0,Approved
LP000141,Jordan Johnson,2025-01-27,679.0,5790.0,0.0,253900.0,360,--,6.2,Salaried,Urban,0,Rejected
LP000737,Alex Anderson,2025-02-08,682.0,6210.0,4830.0,103900.0,360,0.222,13.5,Salaried,Semiurban,0,Approved
LP001340,Jordan Smith,2025-10-14,674.0,4260.0,1670.0,120000.0,360,0.349,2.2,Salaried,Rural,0,Approved
LP001798,Riley Smith,2026-03-17,592.0,5370.0,0.0,140000.0,120,0.188,11.6,Salaried,Semiurban,1,Approved
LP001575,Quinn Rodriguez,2025-12-17,980.0,3670.0,0.0,158800.0,360,0.271,3.2,Self-Employed,Urban,2,Rejected
LP001182,Pat Davis,2025-10-10,778.0,4820.0,4350.0,233200.0,360,0.284,,Self-Employed,Urban,3+,Approved
LP001394,Dakota Gonzalez,2026-08-14,672.0,9090.0,3410.0,229300.0,360,0.365,0.7,Salaried,Semiurban,0,Approved
LP001816,Avery Garcia,2025-01-17,584.0,4960.0,1670.0,65300.0,360,0.336,1.4,Salaried,Semiurban,0,Approved
LP000712,Jordan Williams,2026-05-14,652.0,3140.0,0.0,243500.0,360,0.396,9.5,Self-Employed,Semiurban,1,Rejected
LP001794,Skyler Hernandez,2026-07-18,717.0,5350.0,15840.0,93700.0,360,0.286,7.0,Contract,Rural,0,Approved
LP000893,Peyton Hernandez,2026-01-10,751.0,10290.0,0.0,140100.0,180,0.343,11.4,Salaried,Semiurban,0,Approved
LP000860,Quinn Jones,2026-05-07,714.0,3730.0,0.0,107600.0,360,0.595,1.3,Self-Employed,Rural,2,Rejected
LP000011,Pat Moore,2025-10-03,621.0,4780.0,1700.0,276200.0,360,0.302,8.3,Self-Employed,Rural,0,Rejected
LP001695,Logan Brown,2026-06-03,671.0,3280.0,0.0,334100.0,360,0.403,9.2,Salaried,Semiurban,0,Rejected
LP001428,Kendall Garcia,2026-04-01,566.0,3030.0,2050.0,177800.0,360,0.414,10.4,Salaried,Rural,0,Rejected
LP000283,Riley Rodriguez,2025-09-19,795.0,1840.0,4080.0,129500.0,360,0.246,14.7,NA,Semiurban,0,Approved
LP000811,Dakota Taylor,2025-09-16,644.0,6730.0,2140.0,225300.0,180,0.545,0.5,Contract,Urban,2,Rejected
LP001342,Quinn Wilson,2025-07-04,660.0,1420.0,0.0,194400.0,180,0.473,2.3,Salaried,Semiurban,0,Rejected
LP000292,Dakota Johnson,2026-03-03,618.0,6580.0,0.0,28900.0,360,0.586,3.6,Contract,Urban,1,Approved
LP000755,Skyler Taylor,2026-02-03,579.0,5570.0,2350.0,65200.0,120,0.276,9.6,Self-Employed,Semiurban,--,Approved
LP000627,Peyton Miller,2026-07-14,576.0,10220.0,2550.0,187600.0,360,0.326,13.7,Unemployed,Semiurban,0,Rejected
LP000944,Logan Gonzalez,2026-08-07,652.0,5470.0,0.0,303100.0,360,0.42,2.4,Self-Employed,Urban,0,Rejected
LP000862,Rowan Smith,2026-04-02,531.0,3580.0,5880.0,179200.0,240,0.331,1.4,Self-Employed,Urban,0,Rejected
LP000130,Pat Gonzalez,2025-09-25,617.0,3920.0,0.0,142600.0,180,0.393,7.9,Contract,Urban,0,Rejected
LP001176,Riley Davis,2025-02-06,636.0,7110.0,880.0,193600.0,360,0.383,3.6,Self-Employed,Rural,0,Rejected
LP000324,Alex Davis,2025-07-26,838.0,5000.0,1080.0,254600.0,360,0.435,0.3,Self-Employed,Rural,0,Rejected
LP001091,Pat Wilson,2025-01-08,654.0,6670.0,1980.0,174300.0,480,0.23,12.5,NA,Rural,1,Approved
LP000844,Morgan Martinez,2025-06-06,693.0,3090.0,1280.0,213700.0,360,0.183,2.5,Salaried,Urban,0,Rejected
LP000964,Morgan Miller,2025-05-23,720.0,7180.0,0.0,80200.0,360,0.352,5.4,Self-Employed,Urban,0,Approved
LP001865,Peyton Davis,2025-12-09,771.0,2610.0,2630.0,157500.0,360,0.273,10.4,NA,Semiurban,0,Approved
LP000866,Rowan Taylor,2026-07-19,627.0,7380.0,0.0,78800.0,180,0.545,6.0,Contract,Urban,0,Approved
LP000922,Jamie Martinez,2026-05-15,573.0,6180.0,0.0,144000.0,180,0.352,3.1,Salaried,Semiurban,2,Rejected
LP000696,Alex Garcia,2026-09-29,634.0,3320.0,0.0,191600.0,480,0.325,1.4,Self-Employed,Rural,0,Rejected
LP000216,Logan Taylor,2025-10-08,725.0,2960.0,860.0,130400.0,360,0.346,3.6,Self-Employed,Semiurban,0,Approved
LP001781,Rowan Martin,2025-04-17,540.0,7550.0,10100.0,139400.0,360,0.501,8.7,Salaried,,0,Approved
LP001262,Kendall Taylor,2025-07-14,666.0,2730.0,0.0,122200.0,360,0.387,11.8,Unemployed,Semiurban,2,Rejected
LP000159,Avery Anderson,2025-06-24,559.0,4170.0,4970.0,124800.0,180,0.29,1.7,null,Urban,1,Approved
LP001059,Skyler Gonzalez,2026-03-18,706.0,8450.0,3110.0,178200.0,360,0.301,6.6,Salaried,Semiurban,1,Approved
LP000989,Taylor Rodriguez,2025-01-23,,2170.0,0.0,302000.0,240,0.392,7.1,Salaried,Urban,0,Rejected
LP000842,Logan Moore,2025-11-10,717.0,3720.0,3810.0,252500.0,360,0.379,11.6,Salaried,Urban,2,Rejected
LP000635,Alex Lopez,2025-07-11,NA,8500.0,2720.0,151700.0,240,0.46,2.3,Salaried,Rural,2,Rejected
LP000517,Peyton Hernandez,2025-02-17,703.0,3360.0,1700.0,279800.0,360,0.411,10.5,Contract,Rural,0,Rejected
LP001429,Kendall Smith,2026-01-07,641.0,6330.0,1680.0,216500.0,360,0.373,7.7,Salaried,Rural,2,Rejected
LP001748,Rowan Johnson,2026-01-05,703.0,5800.0,0.0,118900.0,360,0.374,0.3,Self-Employed,Semiurban,0,Approved
LP000598,Taylor Anderson,2025-07-28,577.0,3710.0,0.0,234200.0,360,0.362,5.5,Salaried,?,0,Rejected
LP000196,Logan Johnson,2026-02-28,693.0,10350.0,2300.0,75100.0,360,0.395,0.9,Self-Employed,Semiurban,0,Approved
LP001784,Kendall Thomas,2026-07-18,725.0,5280.0,0.0,260100.0,180,0.511,5.5,Self-Employed,Urban,0,Rejected
LP000870,Jordan Davis,2025-03-25,831.0,1870.0,1720.0,230700.0,360,0.338,15.9,Self-Employed,Semiurban,1,Rejected
LP000411,Peyton Martinez,2025-01-13,null,2940.0,3030.0,188500.0,180,0.319,0.4,Self-Employed,Urban,3+,Approved
LP000097,Jamie Smith,2025-01-09,685.0,4920.0,4780.0,20000.0,240,0.411,2.8,Self-Employed,Semiurban,1,Approved
LP001001,Peyton Rodriguez,2025-02-27,779.0,8980.0,0.0,187600.0,180,0.391,3.7,Self-Employed,Urban,0,Approved
LP001506,Cameron Wilson,2025-12-19,621.0,13720.0,0.0,212200.0,240,0.167,0.1,Salaried,Semiurban,3+,Approved
LP000157,Riley Rodriguez,2026-06-04,819.0,3130.0,0.0,147600.0,360,0.387,2.9,Self-Employed,Semiurban,1,Approved
LP000420,Avery Jackson,2025-04-08,666.0,9120.0,0.0,42500.0,180,0.443,1.9,Self-Employed,Rural,0,Approved
LP001803,Morgan Davis,2026-07-13,600.0,9200.0,0.0,163800.0,360,0.191,0.3,Salaried,Semiurban,,Approved
LP000478,Pat Rodriguez,2025-02-25,686.0,4760.0,0.0,,360,0.375,1.0,Self-Employed,Semiurban,1,Approved
LP001856,Taylor Lopez,2026-08-14,603.0,6350.0,1290.0,81600.0,360,0.319,26.4,Salaried,Semiurban,3+,Approved
LP000669,Morgan Hernandez,2026-06-18,435.0,6180.0,2810.0,83000.0,360,0.286,6.5,Salaried,Urban,2,Approved
LP001418,Rowan Miller,2025-06-15,683.0,5370.0,0.0,247300.0,480,0.289,7.4,Salaried,Urban,1,Rejected
LP001872,Cameron Garcia,2025-01-12,642.0,5620.0,1790.0,305800.0,180,0.322,1.8,Salaried,Semiurban,3+,Rejected
LP001300,Riley Thomas,2026-03-10,687.0,1940.0,0.0,59600.0,120,0.387,23.0,Self-Employed,Urban,0,Rejected
LP000448,Taylor Martin,2025-08-29,580.0,2980.0,3070.0,163400.0,180,0.27,2.9,Contract,Semiurban,0,Approved
LP000554,Peyton Martinez,2025-05-22,682.0,3620.0,3090.0,282000.0,360,0.313,0.4,Self-Employed,Rural,0,Rejected
LP000179,Jamie Miller,2026-08-23,638.0,7030.0,0.0,114900.0,360,0.494,9.4,Self-Employed,Urban,0,Rejected
LP000391,Rowan Martinez,2026-08-28,584.0,6970.0,2490.0,246900.0,480,0.345,10.2,Self-Employed,Semiurban,3+,Rejected
LP000579,Logan Taylor,2026-07-01,534.0,13740.0,0.0,186800.0,360,0.292,11.4,Salaried,Rural,0,Approved
LP001478,Riley Gonzalez,2026-04-01,696.0,9820.0,1970.0,189900.0,180,0.214,2.3,Self-Employed,Semiurban,0,Approved
LP001707,Riley Anderson,2025-07-14,717.0,4930.0,0.0,332700.0,360,0.225,2.9,Contract,Rural,2,Rejected
LP001288,Morgan Thomas,2026-08-12,703.0,2620.0,2320.0,128500.0,180,0.367,16.1,Self-Employed,Semiurban,1,Rejected
LP001645,Jordan Gonzalez,2025-04-04,570.0,9220.0,3790.0,183500.0,360,0.399,2.3,Salaried,Urban,--,Rejected
LP001024,Avery Gonzalez,2026-06-08,842.0,13280.0,1680.0,167300.0,240,0.325,4.7,Unemployed,Urban,1,Approved
LP000821,Jordan Hernandez,2025-10-25,616.0,4430.0,1730.0,20000.0,360,0.498,16.4,Salaried,Rural,0,Approved
LP001825,Chris Hernandez,2025-01-23,674.0,2030.0,0.0,95900.0,360,0.492,0.2,Salaried,Semiurban,1,Rejected
LP000985,Avery Garcia,2025-08-04,660.0,7620.0,0.0,245800.0,240,0.326,0.1,Contract,Semiurban,2,Rejected
LP001339,Kendall Thomas,2026-02-15,627.0,3590.0,6570.0,219200.0,360,0.211,0.2,Salaried,Urban,2,Approved
LP000665,Dakota Anderson,2025-11-22,599.0,6630.0,0.0,251500.0,360,0.506,1.4,Salaried,Urban,1,Rejected
LP000143,Skyler Taylor,2025-10-30,523.0,6710.0,1990.0,193200.0,360,0.444,4.1,Salaried,Semiurban,1,Rejected
LP001517,Alex Thomas,2026-09-04,789.0,4000.0,810.0,219800.0,360,0.295,1.4,Self-Employed,Semiurban,0,Approved
LP001430,Reese Miller,2026-08-25,636.0,3410.0,4180.0,237500.0,360,0.342,0.6,Salaried,Rural,0,Rejected
LP000865,Sam Moore,2026-05-14,608.0,12290.0,0.0,127100.0,360,--,4.1,Salaried,Semiurban,0,Approved
LP000422,Rowan Brown,2025-09-12,809.0,3740.0,0.0,129000.0,360,0.533,1.0,Salaried,Semiurban,2,Approved
LP000637,Jamie Smith,2026-06-11,730.0,2540.0,0.0,125000.0,360,0.469,,Salaried,Semiurban,0,Rejected
LP001407,Riley Thomas,2025-10-21,NA,5110.0,4260.0,227200.0,180,0.377,4.9,Self-Employed,Semiurban,0,Rejected
LP000800,Cameron Martinez,2025-11-09,663.0,4440.0,1670.0,161100.0,360,0.351,4.0,Contract,Semiurban,2,Rejected
LP001404,Dakota Martinez,2025-03-22,721.0,5110.0,2610.0,92700.0,240,0.453,4.2,Salaried,Semiurban,0,Approved
LP000616,Logan Moore,2025-11-17,671.0,4010.0,0.0,345700.0,360,0.24,4.1,Salaried,Rural,0,Rejected
LP000295,Alex Jackson,2025-05-07,690.0,11030.0,1870.0,117100.0,360,0.223,3.7,Self-Employed,Urban,3+,Approved
LP000924,Rowan Wilson,2025-03-06,600.0,3670.0,3790.0,190400.0,240,0.295,2.6,,Urban,0,Rejected
LP001269,Jordan Rodriguez,2025-08-23,597.0,3400.0,0.0,198500.0,?,0.234,3.7,Contract,Semiurban,2,Rejected
LP001903,Logan Garcia,2025-02-20,760.0,9400.0,10110.0,116800.0,360,0.335,10.7,Self-Employed,Rural,0,Approved
LP000089,Skyler Martin,2026-02-24,615.0,4850.0,1160.0,148400.0,360,0.053,2.2,Salaried,Rural,0,Approved
LP000042,Jamie Johnson,2026-02-18,675.0,7170.0,3070.0,179200.0,360,0.405,1.4,Contract,Urban,0,Approved
LP001802,Riley Garcia,2026-07-31,655.0,5790.0,6720.0,150900.0,360,0.333,10.2,Self-Employed,Rural,2,Approved
LP001934,Jamie Rodriguez,2026-01-10,?,3150.0,1750.0,?,360,0.174,1.9,--,Semiurban,3+,Approved
LP000132,Cameron Smith,2025-07-12,666.0,6640.0,0.0,360400.0,360,0.426,3.0,Contract,Urban,1,Rejected
LP001002,Pat Jackson,2025-06-20,739.0,7250.0,0.0,203000.0,360,0.264,2.3,Contract,Urban,0,Approved
LP001158,Skyler Hernandez,2025-10-21,850.0,6540.0,0.0,307300.0,360,0.445,1.6,Self-Employed,Rural,0,Approved
LP001095,Pat Moore,2026-02-23,722.0,7030.0,4780.0,215900.0,360,0.358,6.5,Salaried,Urban,1,Approved
LP001855,Pat Davis,2026-05-15,745.0,3150.0,0.0,268300.0,360,?,5.8,Salaried,Semiurban,0,Rejected
LP001345,Jordan Davis,2026-08-13,741.0,2690.0,null,169600.0,360,0.313,2.8,Salaried,Urban,1,Rejected
LP001499,Avery Martin,2025-09-24,747.0,NA,0.0,222500.0,360,0.379,6.2,Salaried,Semiurban,2,Rejected
LP000165,Skyler Rodriguez,2025-05-12,742.0,7120.0,0.0,259400.0,240,0.339,5.9,Salaried,Rural,2,Approved
LP000725,Alex Miller,2025-08-04,675.0,2970.0,3770.0,93200.0,360,0.186,3.8,Salaried,Rural,2,Approved
LP000291,Kendall Anderson,2025-04-29,642.0,5180.0,1880.0,236200.0,240,0.156,6.9,Contract,Semiurban,2,Approved
LP001209,Quinn Johnson,2026-02-21,541.0,9550.0,0.0,127500.0,360,0.476,4.5,Contract,Urban,0,Approved
LP001589,Logan Rodriguez,2026-07-11,590.0,4800.0,5290.0,220000.0,180,0.196,14.3,Salaried,Rural,0,Approved
LP001897,Morgan Martinez,2025-06-01,638.0,8480.0,0.0,148200.0,360,0.326,1.1,null,Rural,0,Approved
LP001642,Peyton Williams,2025-09-12,780.0,6650.0,0.0,2862000.0,360,0.434,12.7,Unemployed,Urban,0,Rejected
LP001362,Morgan Wilson,2026-06-14,709.0,6150.0,1860.0,294000.0,180,0.343,5.1,Salaried,Rural,3+,Rejected
LP000779,Skyler Gonzalez,2025-08-14,654.0,3390.0,0.0,212700.0,240,0.499,4.3,Salaried,Rural,0,Rejected
LP000840,Sam Rodriguez,2025-12-03,642.0,5380.0,0.0,80000.0,360,0.354,5.0,Self-Employed,Semiurban,3+,Approved
LP000349,Logan Anderson,2026-04-13,599.0,6800.0,0.0,207900.0,360,0.258,4.4,Salaried,Urban,1,Rejected
LP001945,Logan Wilson,2026-03-29,713.0,4040.0,3240.0,71600.0,180,0.36,4.8,Salaried,Rural,0,Approved
LP000572,Avery Anderson,2025-04-29,802.0,21860.0,1670.0,253300.0,360,0.393,6.8,Contract,Rural,2,Approved
LP000918,Dakota Martin,2026-05-11,676.0,3150.0,0.0,208300.0,360,0.418,1.1,Contract,Semiurban,2,Rejected
LP000977,Taylor Anderson,2025-05-02,622.0,4640.0,2320.0,175700.0,360,0.122,8.6,Salaried,Rural,0,Approved
LP001914,Cameron Taylor,2026-07-27,null,4410.0,0.0,210500.0,180,0.445,0.6,Salaried,Semiurban,1,Rejected
LP001469,Jamie Williams,2025-01-30,558.0,2580.0,2380.0,142500.0,360,0.312,2.6,Salaried,Rural,0,Rejected
LP001592,Cameron Martinez,2025-07-16,412.0,94700.0,NA,291000.0,180,0.334,0.8,Salaried,Semiurban,1,Rejected
LP001318,Quinn Smith,2025-04-14,634.0,4070.0,0.0,75000.0,180,0.259,5.1,Salaried,Urban,1,Rejected
LP001845,Chris Martin,2025-11-04,674.0,4930.0,5780.0,67900.0,360,0.339,2.8,Salaried,Rural,0,Approved
LP000137,Pat Martinez,2026-09-07,593.0,3810.0,4690.0,313700.0,360,null,3.4,NA,Semiurban,0,Rejected
LP000459,Peyton Wilson,2026-05-25,613.0,NA,0.0,159300.0,360,0.385,4.3,Salaried,Rural,1,Rejected
LP000376,Cameron Davis,2025-04-27,595.0,6870.0,2650.0,189400.0,180,0.34,2.2,Salaried,Urban,3+,Rejected
LP001343,Jamie Jackson,2026-08-09,697.0,9310.0,650.0,200800.0,360,0.472,6.3,Salaried,Semiurban,0,Approved
LP000334,Avery Brown,2025-12-05,602.0,3010.0,1050.0,205000.0,240,0.345,4.0,Unemployed,Semiurban,1,Rejected
LP001160,Morgan Garcia,2025-02-28,632.0,1930.0,2870.0,228500.0,360,0.233,27.5,Salaried,Urban,0,Rejected
LP001761,Jordan Davis,2026-06-16,,2400.0,0.0,179900.0,240,0.335,6.0,Self-Employed,Urban,0,Rejected
LP001458,Sam Lopez,2025-03-28,692.0,5230.0,0.0,78800.0,360,,4.8,Contract,Rural,0,Approved
LP000817,Sam Jones,2026-07-17,683.0,4830.0,0.0,228300.0,360,0.32,3.8,Contract,Semiurban,0,Rejected
LP001115,Jordan Martinez,2025-07-03,673.0,2300.0,0.0,105900.0,360,0.358,4.9,Salaried,Semiurban,0,Rejected
LP001006,Avery Thomas,2026-02-20,693.0,11770.0,2010.0,70600.0,120,0.319,6.9,Salaried,Semiurban,0,Approved
LP001857,Casey Brown,2025-04-08,778.0,5000.0,4650.0,220200.0,360,0.355,3.1,Self-Employed,Rural,1,Approved
LP000308,Kendall Smith,2026-09-13,610.0,3980.0,5690.0,220700.0,360,0.368,3.5,Self-Employed,Urban,0,Rejected
LP001851,Logan Hernandez,2025-03-21,605.0,2450.0,0.0,176000.0,180,0.254,7.2,Salaried,Semiurban,0,Rejected
LP000911,Dakota Gonzalez,2025-05-24,634.0,3770.0,1400.0,173400.0,360,0.166,3.1,Salaried,Urban,0,Rejected
LP001930,Casey Hernandez,2025-04-02,826.0,4460.0,0.0,257400.0,240,0.248,4.9,Salaried,Rural,0,Rejected
LP001126,Riley Johnson,2025-05-02,563.0,12200.0,0.0,157100.0,240,0.434,5.1,Salaried,Semiurban,0,Approved
LP000329,Peyton Miller,2025-02-10,713.0,6860.0,1790.0,125500.0,360,0.441,2.6,Contract,Semiurban,0,Approved
LP001248,Kendall Jackson,2025-10-22,595.0,1920.0,1420.0,252100.0,360,--,3.3,Salaried,Semiurban,1,Rejected
LP000319,Casey Williams,2025-07-23,688.0,3820.0,2410.0,213400.0,360,0.334,2.4,Self-Employed,Rural,1,Rejected
LP001690,Kendall Wilson,2025-09-27,638.0,6180.0,0.0,234400.0,360,0.327,0.0,Salaried,Semiurban,0,Rejected
LP001359,Cameron Jones,2026-03-08,534.0,11860.0,1260.0,290900.0,180,0.381,6.9,Self-Employed,Semiurban,,Rejected
LP001733,Cameron Hernandez,2026-05-17,658.0,5370.0,3390.0,259700.0,360,0.436,10.4,Salaried,Semiurban,0,Approved
LP000168,Logan Martinez,2025-07-07,821.0,2990.0,2070.0,106400.0,360,0.276,2.5,Self-Employed,Rural,0,Approved
LP000013,Reese Jackson,2025-01-21,681.0,6380.0,0.0,81900.0,360,0.437,1.0,Salaried,Semiurban,0,Approved
LP001927,Dakota Williams,2026-03-17,445.0,7900.0,0.0,,360,0.124,5.6,Salaried,Semiurban,0,Rejected
LP000172,Alex Moore,2025-12-30,591.0,7280.0,2290.0,323800.0,120,0.458,null,Salaried,Urban,0,Rejected
LP000650,Quinn Gonzalez,2025-12-05,719.0,3840.0,5440.0,186200.0,360,0.059,0.9,Salaried,Urban,0,Approved
LP001062,Sam Hernandez,2026-01-15,418.0,9540.0,1420.0,285000.0,--,0.441,11.8,Self-Employed,Rural,0,Rejected
LP000261,Peyton Miller,2025-12-12,581.0,2630.0,2540.0,24900.0,180,0.386,1.9,Contract,Semiurban,0,Approved
LP001367,Alex Rodriguez,2025-09-14,658.0,4780.0,6150.0,172600.0,480,0.45,3.4,Salaried,Semiurban,1,Approved
LP001549,Peyton Lopez,2026-04-12,725.0,4480.0,0.0,104700.0,360,0.255,8.5,Contract,Semiurban,0,Approved
LP000902,Pat Johnson,2025-04-03,627.0,7460.0,1080.0,283100.0,360,0.397,1.0,Unemployed,Urban,0,Rejected
LP000673,Taylor Williams,2026-03-02,631.0,5130.0,1240.0,148200.0,180,0.369,1.0,Salaried,Rural,2,Rejected
LP000259,Rowan Williams,2026-09-03,698.0,4200.0,1140.0,287700.0,360,0.192,6.9,Salaried,Rural,0,Rejected
LP000845,Taylor Garcia,2026-08-03,674.0,4840.0,1920.0,--,360,0.387,0.4,Salaried,Semiurban,2,Rejected
LP000868,Avery Davis,2025-06-29,688.0,5910.0,1240.0,150000.0,360,0.363,6.4,,Urban,2,Approved
LP001800,Quinn Taylor,2026-09-16,662.0,2350.0,0.0,145600.0,240,0.363,13.9,Salaried,Semiurban,0,Rejected
LP000139,Peyton Moore,2025-11-24,729.0,3920.0,2880.0,20000.0,480,0.371,1.9,Salaried,Urban,2,Approved
LP000894,Sam Johnson,2026-02-06,759.0,2740.0,0.0,150900.0,180,0.423,17.7,Salaried,Semiurban,0,Rejected
LP001838,Logan Davis,2025-05-22,669.0,3160.0,2560.0,200200.0,180,0.428,0.9,Self-Employed,Rural,0,Rejected
LP000550,Alex Anderson,2025-12-18,609.0,5830.0,3270.0,68700.0,360,0.411,3.7,Self-Employed,Urban,2,Approved
LP000320,Quinn Smith,2026-09-16,649.0,4720.0,0.0,243800.0,480,0.322,8.2,Contract,Urban,0,Rejected
LP001527,Casey Davis,2025-09-13,820.0,8010.0,2580.0,235100.0,360,0.217,1.9,Unemployed,Urban,0,Rejected
LP001806,Riley Jackson,2026-07-18,525.0,1840.0,0.0,175000.0,120,0.399,2.4,Salaried,Urban,0,Rejected
LP001178,Sam Anderson,2025-09-02,652.0,9500.0,0.0,341100.0,120,0.304,2.8,Salaried,Semiurban,0,Approved
LP000559,Riley Gonzalez,2026-07-15,694.0,2500.0,0.0,292200.0,360,0.323,4.5,Salaried,Rural,2,Rejected
LP000140,Jordan Hernandez,2025-05-24,555.0,10160.0,0.0,230300.0,360,0.337,5.3,Self-Employed,Urban,1,Rejected
LP001735,Casey Davis,2026-08-28,728.0,6640.0,1560.0,181100.0,,0.379,2.1,Self-Employed,Urban,2,Approved
LP000532,Taylor Wilson,2026-05-10,519.0,11610.0,0.0,222400.0,360,0.242,,Salaried,Rural,2,Rejected
LP000225,Rowan Taylor,2026-03-21,620.0,3240.0,0.0,202900.0,360,0.219,2.1,Salaried,Urban,0,Rejected
LP000724,Rowan Johnson,2025-03-09,723.0,3750.0,0.0,39400.0,180,0.437,1.9,Unemployed,Urban,0,Rejected
LP000787,Morgan Hernandez,2025-01-12,731.0,4160.0,2460.0,310900.0,360,0.402,6.4,Salaried,Urban,2,Rejected
LP001718,Skyler Davis,2025-04-09,676.0,6600.0,500.0,87800.0,360,0.401,0.2,Salaried,Urban,0,Approved
LP001008,Avery Anderson,2026-08-01,714.0,4370.0,0.0,207800.0,180,0.288,1.3,,Urban,2,Rejected
LP000410,Sam Jones,2025-11-18,704.0,6030.0,1710.0,264600.0,480,0.316,4.9,Salaried,Urban,1,Approved
LP000326,Rowan Jones,2026-02-24,557.0,2860.0,0.0,157500.0,120,0.528,4.9,Salaried,Urban,1,Rejected
LP001766,Taylor Smith,2026-01-30,588.0,4540.0,0.0,52100.0,180,0.435,6.0,Self-Employed,Urban,0,Rejected
LP000300,Kendall Martin,2025-07-30,714.0,7790.0,2360.0,114300.0,360,0.383,1.0,Salaried,Urban,3+,Approved
LP001263,Sam Gonzalez,2026-05-26,706.0,11310.0,0.0,265800.0,240,0.312,13.3,Salaried,Urban,3+,Approved
LP001946,Casey Gonzalez,2025-05-30,,8110.0,7970.0,--,360,0.405,0.3,Self-Employed,Urban,0,Approved
LP000026,Avery Martin,2026-03-03,669.0,4050.0,0.0,304900.0,360,0.281,12.0,Salaried,Urban,1,Rejected
LP001859,Cameron Anderson,2025-11-04,685.0,6820.0,0.0,117100.0,360,0.174,3.4,Self-Employed,Urban,0,Approved
LP000715,Rowan Anderson,2025-07-17,657.0,6200.0,3480.0,183100.0,,0.289,1.8,Self-Employed,Rural,0,Approved
LP001010,Chris Anderson,2025-10-18,615.0,2830.0,3350.0,86000.0,180,0.317,2.2,Salaried,Rural,0,Approved
LP000194,Dakota Jones,2026-06-27,554.0,5550.0,3250.0,291300.0,360,0.317,0.4,Contract,Rural,0,Rejected
LP000441,Avery Martin,2025-10-12,693.0,1950.0,0.0,224900.0,360,0.265,3.4,Salaried,Rural,2,Rejected
LP000574,Logan Jones,2026-07-30,641.0,4200.0,1760.0,75800.0,360,0.409,5.7,Salaried,Rural,2,Approved
LP000947,Alex Garcia,2026-01-23,530.0,1730.0,3020.0,168000.0,240,0.362,4.8,Salaried,Urban,2,Rejected
LP000998,Jamie Jackson,2025-02-10,714.0,1100.0,0.0,110400.0,360,0.395,2.8,Salaried,Semiurban,?,Rejected
LP000504,Reese Moore,2025-04-20,708.0,3440.0,,175700.0,360,0.182,2.4,Salaried,Urban,0,Rejected
LP000606,Reese Lopez,2025-08-18,820.0,6420.0,2540.0,116900.0,360,0.361,2.8,Self-Employed,Semiurban,0,Approved
LP001717,Morgan Miller,2025-04-24,688.0,7080.0,0.0,85300.0,360,0.189,6.2,Salaried,Rural,2,Approved
LP001164,Cameron Davis,2025-01-11,520.0,2680.0,1680.0,179300.0,360,0.279,3.3,Contract,Semiurban,1,Rejected
LP001787,Sam Wilson,2025-12-12,634.0,3910.0,1710.0,85900.0,240,0.397,null,Self-Employed,Semiurban,1,Approved
LP000847,Skyler Jones,2026-01-09,685.0,6550.0,0.0,147600.0,360,0.265,3.9,Salaried,Urban,0,Approved
LP000004,Morgan Moore,2026-02-16,789.0,3540.0,1980.0,120300.0,240,0.155,0.9,Salaried,Urban,0,Approved
LP001287,Quinn Anderson,2026-05-20,504.0,8130.0,4580.0,106300.0,480,0.284,5.9,Contract,Semiurban,0,Approved
LP001223,Dakota Moore,2026-03-30,714.0,2540.0,0.0,373900.0,360,0.416,1.5,Salaried,Rural,2,Rejected
LP000468,Reese Williams,2025-04-04,724.0,5830.0,NA,185200.0,120,0.402,3.9,Salaried,Urban,3+,Approved
LP000322,Logan Davis,2025-09-27,711.0,3850.0,0.0,96500.0,180,0.288,2.9,Self-Employed,Semiurban,1,Approved
LP000006,Dakota Johnson,2026-02-10,640.0,9770.0,1690.0,203600.0,360,0.448,3.8,Self-Employed,Urban,3+,Rejected
LP000223,Dakota Lopez,2025-05-13,?,4190.0,0.0,216400.0,360,0.29,0.5,Self-Employed,Urban,0,Rejected
LP001375,Taylor Williams,2025-08-09,785.0,8540.0,0.0,130800.0,480,0.375,0.4,Unemployed,Semiurban,1,Rejected
LP000548,Reese Rodriguez,2025-10-08,643.0,4270.0,3550.0,190600.0,360,0.434,8.5,Self-Employed,Semiurban,0,Approved
LP000229,Dakota Smith,2026-05-04,599.0,13520.0,5580.0,--,240,0.387,1.8,Salaried,Semiurban,0,Approved
LP000040,Cameron Rodriguez,2025-11-15,677.0,6100.0,?,161400.0,120,0.384,12.3,Salaried,Urban,0,Approved
LP000543,Chris Williams,2026-06-01,705.0,3840.0,3680.0,85800.0,360,0.353,4.4,Contract,Urban,2,Approved
LP000243,Cameron Moore,2025-08-20,703.0,13520.0,1660.0,119800.0,360,0.338,10.3,Salaried,Semiurban,1,Approved
LP000899,Taylor Anderson,2026-04-21,,,0.0,115200.0,360,--,2.8,Salaried,Urban,1,Approved
LP001134,Jamie Martinez,2025-12-13,699.0,2810.0,0.0,216000.0,360,0.368,5.6,Self-Employed,Rural,2,Rejected
LP001449,Dakota Brown,2025-02-25,765.0,15300.0,0.0,2347000.0,180,0.412,11.5,Contract,Urban,0,Approved
LP001869,Jamie Rodriguez,2025-05-04,567.0,4030.0,1590.0,279700.0,360,0.195,2.1,Self-Employed,Semiurban,,Rejected
LP000843,Morgan Taylor,2026-08-22,,4000.0,2310.0,220800.0,,0.409,5.3,Salaried,Urban,0,Rejected
LP001419,Quinn Hernandez,2025-12-18,790.0,6000.0,11140.0,274200.0,240,0.304,1.7,Salaried,Semiurban,2,Approved
LP001654,Pat Jones,2025-05-09,630.0,4920.0,1650.0,91500.0,120,0.415,--,Salaried,Urban,0,Approved
LP000136,Quinn Jones,2025-02-28,792.0,2670.0,3690.0,215100.0,480,0.276,1.1,Salaried,Urban,0,Approved
LP000662,Rowan Wilson,2026-07-18,614.0,2780.0,NA,166300.0,180,0.193,0.2,Salaried,Semiurban,,Approved
LP001211,Chris Jones,2025-04-20,null,3630.0,0.0,289100.0,360,0.269,6.0,Salaried,Urban,1,Rejected
LP000315,Jamie Miller,2025-10-17,771.0,6910.0,840.0,226400.0,360,0.45,0.9,Salaried,Urban,,Rejected
LP000692,Dakota Moore,2025-12-21,759.0,4410.0,2670.0,230600.0,360,0.51,5.4,Self-Employed,Rural,,Rejected
LP001504,Chris Lopez,2026-06-20,660.0,3710.0,0.0,151000.0,180,0.356,6.3,Self-Employed,null,1,Rejected
LP000425,Chris Davis,2026-01-30,715.0,8590.0,1070.0,168000.0,120,0.27,5.7,Salaried,Semiurban,3+,Approved
LP000595,Alex Martin,2025-05-30,748.0,16540.0,2020.0,186000.0,180,0.317,8.4,Salaried,Rural,0,Approved
LP001937,Peyton Taylor,2025-11-25,682.0,1640.0,0.0,158600.0,180,0.311,4.0,Salaried,Semiurban,1,Rejected
LP000623,Jamie Davis,2026-03-30,820.0,4230.0,1960.0,167100.0,NA,0.476,6.1,Self-Employed,Semiurban,0,Approved
LP001171,Reese Martinez,2026-06-07,null,3860.0,0.0,80300.0,180,0.34,11.3,Salaried,Semiurban,1,Approved
LP001044,Cameron Lopez,2025-04-09,657.0,4420.0,580.0,114800.0,360,0.376,6.5,Contract,Urban,3+,Rejected
LP000228,Casey Johnson,2026-03-16,568.0,5390.0,0.0,132200.0,180,0.33,10.9,--,Semiurban,2,Approved
LP001118,Quinn Miller,2026-07-23,655.0,4960.0,0.0,270700.0,240,0.521,1.3,Salaried,Urban,2,Rejected
LP001332,Taylor Lopez,2025-07-08,764.0,4990.0,2170.0,146000.0,360,0.398,3.5,Salaried,Urban,3+,Approved
LP001316,Jordan Martin,2026-01-24,548.0,12970.0,1400.0,247900.0,120,0.307,4.1,Self-Employed,Urban,0,Approved
LP000067,Jamie Brown,2026-09-01,654.0,4310.0,0.0,238200.0,360,0.101,NA,Self-Employed,Rural,3+,Rejected
LP000025,Taylor Moore,2025-10-03,614.0,4870.0,0.0,122100.0,360,0.199,1.3,Salaried,Semiurban,--,Approved
LP000145,Skyler Williams,2026-03-05,682.0,8260.0,0.0,174500.0,360,0.333,17.1,Contract,Rural,1,Approved
LP000537,Jordan Martinez,2025-05-12,587.0,4050.0,0.0,159400.0,180,0.319,6.4,Salaried,Semiurban,0,Rejected
LP000812,Logan Smith,2025-07-18,623.0,3290.0,1390.0,149200.0,360,0.358,11.7,Salaried,Rural,3+,Approved
LP001467,Quinn Brown,2026-06-24,802.0,7480.0,0.0,154200.0,240,0.399,2.0,Self-Employed,Rural,2,Approved
LP000086,Sam Jones,2025-08-19,617.0,19530.0,0.0,115500.0,360,0.372,4.4,Self-Employed,Rural,0,Approved
LP001661,Morgan Anderson,2025-07-17,772.0,5000.0,1830.0,196300.0,360,0.377,4.2,Self-Employed,Semiurban,2,Approved
LP001646,Skyler Martinez,2026-09-26,696.0,170900.0,0.0,232100.0,360,0.561,8.3,Salaried,Semiurban,null,Rejected
LP001805,Kendall Johnson,2026-01-20,507.0,3480.0,0.0,167200.0,360,0.415,4.7,,Urban,0,Rejected
LP001818,Taylor Johnson,2025-05-19,599.0,9430.0,0.0,286100.0,360,0.341,0.6,Salaried,Semiurban,--,Rejected
LP001577,Jamie Moore,2025-11-16,523.0,4450.0,0.0,92800.0,120,0.382,2.2,Contract,Urban,2,Rejected
LP001145,Jamie Martinez,2026-03-22,645.0,3190.0,0.0,49100.0,360,0.412,3.8,Contract,Urban,0,Approved
LP000363,Chris Thomas,2025-02-16,651.0,5510.0,2920.0,132700.0,180,0.341,2.5,--,Semiurban,1,Approved
LP001612,Chris Anderson,2025-02-13,527.0,3370.0,0.0,246900.0,360,0.456,5.3,Unemployed,Rural,2,Rejected
LP001866,Chris Anderson,2025-12-23,519.0,2010.0,0.0,1467000.0,480,0.287,10.7,Salaried,Urban,null,Rejected
LP001027,Jamie Jackson,2025-12-17,663.0,9250.0,?,333900.0,180,0.179,4.6,Contract,Semiurban,3+,Rejected
LP001031,Quinn Martinez,2025-03-12,638.0,5610.0,1940.0,169000.0,360,0.123,0.3,Salaried,Rural,0,Approved
LP001304,Chris Lopez,2026-05-30,596.0,8340.0,0.0,242300.0,120,0.317,7.7,Self-Employed,Semiurban,2,Rejected
LP001356,Peyton Davis,2026-04-30,440.0,8360.0,0.0,1383000.0,360,0.341,4.1,,Rural,0,Rejected
LP001731,Riley Martinez,2026-08-08,641.0,2810.0,2870.0,318600.0,360,0.313,3.2,Self-Employed,Rural,0,Rejected
LP000666,Riley Wilson,2026-06-23,669.0,6860.0,3800.0,239200.0,180,0.369,1.5,Self-Employed,Urban,3+,Approved
LP000365,Casey Hernandez,2025-05-22,719.0,6860.0,2060.0,208900.0,360,0.219,8.8,Self-Employed,Urban,3+,Approved
LP000078,Rowan Hernandez,2025-10-19,635.0,9130.0,0.0,237000.0,180,0.573,0.7,Self-Employed,Semiurban,0,Rejected
LP000028,Pat Williams,2025-04-02,692.0,7890.0,0.0,232500.0,480,0.313,5.3,Salaried,Rural,0,Approved
LP001437,Taylor Anderson,2025-05-09,639.0,3270.0,4710.0,159900.0,120,0.405,10.6,Contract,Urban,,Rejected
LP000526,Jamie Moore,2025-01-05,,7050.0,0.0,174700.0,360,0.27,0.9,Salaried,Semiurban,0,Rejected
LP001835,Dakota Thomas,2026-04-17,608.0,6200.0,2230.0,133700.0,360,0.288,0.6,Salaried,Semiurban,1,Approved
LP000056,Sam Taylor,2025-07-23,739.0,5470.0,0.0,202000.0,360,0.3,0.0,Salaried,Urban,0,Rejected
LP000639,Jordan Jones,2026-01-22,550.0,3290.0,4110.0,339100.0,180,null,15.3,Salaried,Semiurban,1,Rejected
LP000303,Dakota Thomas,2026-03-07,724.0,2380.0,4510.0,163900.0,360,0.416,0.6,Salaried,Semiurban,0,Approved
LP000719,Dakota Brown,2025-04-09,629.0,6480.0,0.0,212700.0,180,0.406,0.4,Self-Employed,Rural,3+,Rejected
LP000625,Pat Williams,2026-01-12,795.0,18220.0,3000.0,275800.0,360,0.302,0.4,Self-Employed,Rural,2,Approved
LP000008,Pat Davis,2025-09-01,725.0,23600.0,4970.0,203600.0,120,0.261,5.0,Salaried,Urban,0,Approved
LP000804,Sam Lopez,2026-02-27,621.0,4560.0,550.0,190500.0,240,NA,1.4,Self-Employed,Semiurban,0,Rejected
LP001050,Cameron Taylor,2026-06-29,777.0,4550.0,0.0,140000.0,360,0.381,0.0,Unemployed,Rural,,Rejected
LP000337,Cameron Gonzalez,2025-01-14,590.0,7270.0,3550.0,126400.0,360,0.399,1.1,Self-Employed,Urban,1,Approved
LP000048,Quinn Gonzalez,2025-07-17,750.0,3160.0,0.0,92200.0,360,0.321,4.5,Self-Employed,Rural,0,Approved
LP001764,Taylor Jackson,2025-08-25,524.0,1690.0,4420.0,150700.0,120,0.489,15.0,Contract,Urban,--,Rejected
LP000107,Kendall Jones,2025-09-16,NA,3870.0,0.0,272200.0,360,0.459,3.8,Salaried,Rural,0,Rejected
LP000350,Sam Wilson,2025-10-31,642.0,2320.0,0.0,192500.0,360,0.323,8.4,Salaried,Rural,2,Rejected
LP001080,Peyton Jackson,2026-09-05,732.0,5000.0,0.0,299200.0,240,0.095,6.4,Self-Employed,Urban,0,Rejected
LP000239,Sam Miller,2025-07-15,604.0,3970.0,860.0,81500.0,480,0.265,10.6,Salaried,Urban,1,Approved
LP000214,Jamie Rodriguez,2025-01-05,715.0,8690.0,5520.0,172400.0,360,0.347,5.2,Salaried,Urban,3+,Approved
LP001776,Chris Lopez,2025-04-19,548.0,6580.0,0.0,145300.0,240,0.304,0.7,Salaried,Semiurban,1,Rejected
LP001139,Chris Johnson,2026-02-03,711.0,1850.0,2780.0,132400.0,120,0.289,1.4,Salaried,Semiurban,3+,Approved
LP000794,Logan Martinez,2026-08-10,551.0,--,7540.0,121200.0,360,0.275,--,Salaried,Urban,1,Approved
LP001587,Avery Garcia,2026-02-06,675.0,6900.0,2390.0,152800.0,180,0.171,2.6,Self-Employed,Urban,0,Approved
LP001583,Morgan Garcia,2025-03-24,574.0,4670.0,4120.0,199300.0,240,0.308,0.5,Salaried,Semiurban,3+,Approved
LP001672,Alex Hernandez,2026-07-10,629.0,5860.0,0.0,95400.0,360,0.323,4.3,Salaried,Urban,1,Approved
LP000524,Jamie Martin,2025-05-18,709.0,2460.0,3970.0,92000.0,360,0.281,null,Contract,Semiurban,0,Approved
LP000233,Jamie Martin,2026-07-01,664.0,4490.0,0.0,119400.0,360,0.418,1.4,Contract,Semiurban,1,Approved
LP000645,Reese Taylor,2025-05-14,639.0,7510.0,0.0,20000.0,240,0.319,3.0,Salaried,Semiurban,--,Approved
LP001508,Peyton Gonzalez,2026-04-26,741.0,4070.0,0.0,170400.0,480,0.427,6.8,Self-Employed,Urban,1,Rejected
LP000534,Reese Garcia,2025-07-01,557.0,3350.0,1070.0,220700.0,240,0.407,17.1,Salaried,Rural,0,Rejected
LP001942,Morgan Brown,2025-06-23,627.0,6580.0,2530.0,149500.0,480,0.423,4.3,Self-Employed,Rural,--,Rejected
LP000604,Riley Moore,2026-09-23,775.0,5970.0,1430.0,321700.0,360,0.492,4.9,Self-Employed,Rural,2,Rejected
LP001330,Casey Lopez,2025-12-18,711.0,6480.0,0.0,114400.0,120,0.518,5.4,Salaried,Urban,3+,Rejected
LP001075,Logan Hernandez,2025-09-18,745.0,1930.0,0.0,97400.0,360,0.408,2.9,Salaried,Rural,0,Rejected
LP001305,Chris Jones,2025-12-22,706.0,5910.0,0.0,245400.0,180,0.151,0.1,Self-Employed,Urban,0,Rejected
LP000061,Taylor Gonzalez,2026-02-11,619.0,2200.0,0.0,312400.0,--,,6.9,Salaried,Rural,0,Rejected
LP001264,Riley Rodriguez,2025-07-24,582.0,10530.0,0.0,193900.0,,0.393,11.3,Salaried,Urban,null,Rejected
LP000093,Logan Anderson,2026-05-01,600.0,3780.0,0.0,87300.0,360,0.379,0.1,Contract,Urban,2,Rejected
LP000667,Jamie Anderson,2025-08-14,638.0,3400.0,1230.0,132800.0,240,0.413,10.4,Contract,Rural,1,Rejected
LP000281,Casey Anderson,2025-02-08,670.0,3490.0,2570.0,282900.0,480,0.228,0.8,Self-Employed,Semiurban,NA,Rejected
LP001114,Sam Martinez,2026-05-10,702.0,3770.0,,138400.0,360,0.422,7.4,Unemployed,Rural,0,Rejected
LP000360,Rowan Gonzalez,2026-03-13,590.0,7660.0,2580.0,226100.0,360,0.291,4.7,Self-Employed,Semiurban,0,Approved
LP001129,Morgan Jones,2025-06-15,655.0,5520.0,3680.0,135000.0,360,0.467,6.1,Salaried,Semiurban,3+,Approved
LP001170,Jordan Brown,2026-09-06,733.0,11250.0,6940.0,156600.0,360,0.34,5.9,Self-Employed,Semiurban,0,Approved
LP000848,Dakota Williams,2025-11-20,850.0,2010.0,2190.0,343900.0,180,0.524,1.6,Salaried,Rural,0,Rejected
LP001522,Dakota Anderson,2025-07-13,709.0,4720.0,4930.0,196100.0,360,0.272,6.4,Salaried,Semiurban,0,Approved
LP000111,Pat Brown,2026-06-18,497.0,7520.0,6720.0,160200.0,180,0.309,3.7,Salaried,Semiurban,0,Approved
LP000043,Riley Johnson,2025-05-19,650.0,8910.0,0.0,94900.0,360,0.27,1.1,Salaried,Rural,0,Approved
LP000126,Kendall Smith,2025-12-11,846.0,4200.0,1020.0,20000.0,240,0.468,18.2,Self-Employed,Semiurban,2,Approved
LP000205,Dakota Davis,2025-05-27,543.0,2620.0,1530.0,229700.0,360,0.295,0.4,Salaried,Semiurban,1,Rejected
LP000053,Peyton Wilson,2026-04-13,602.0,3310.0,2560.0,214600.0,360,?,11.8,Self-Employed,Semiurban,2,Rejected
LP000546,Quinn Jackson,2026-09-16,592.0,7380.0,0.0,225100.0,360,0.299,0.3,Salaried,Semiurban,2,Approved
LP000069,Chris Anderson,2025-07-01,691.0,6750.0,650.0,272800.0,360,0.238,0.0,Contract,Urban,0,Rejected
LP001741,Jamie Wilson,2025-03-14,651.0,6420.0,1830.0,20000.0,360,0.197,8.7,Self-Employed,Rural,1,Approved
LP001548,Pat Johnson,2025-04-24,686.0,4800.0,0.0,157500.0,360,0.333,1.3,Salaried,Semiurban,1,Approved
LP000184,Jordan Smith,2025-02-24,701.0,6610.0,0.0,245500.0,360,0.276,22.3,Salaried,Rural,0,Approved
LP000138,Pat Johnson,2026-02-18,633.0,4560.0,0.0,161400.0,360,0.342,11.5,Salaried,Rural,2,Rejected
LP000900,Jordan Martinez,2026-05-29,591.0,3750.0,2610.0,265200.0,180,0.423,1.4,Salaried,Urban,0,Rejected
LP000797,Jordan Hernandez,2026-07-05,657.0,5550.0,,300000.0,180,0.34,6.9,Salaried,Semiurban,0,Rejected
LP000133,Cameron Rodriguez,2025-06-03,570.0,2390.0,1680.0,,360,0.458,10.6,Salaried,Semiurban,0,Rejected
LP000081,Avery Davis,2025-02-20,641.0,7360.0,0.0,134600.0,360,0.434,0.0,Salaried,Rural,0,Approved
LP000112,Morgan Wilson,2026-02-11,658.0,4590.0,6650.0,121900.0,180,0.404,3.6,Salaried,Urban,--,Approved
LP001541,Logan Williams,2025-10-03,658.0,4170.0,1290.0,306200.0,360,0.374,NA,Contract,Rural,2,Rejected
LP000542,Chris Garcia,2025-11-26,564.0,3480.0,2440.0,267800.0,180,0.375,?,Salaried,Semiurban,1,Rejected
LP001669,Casey Garcia,2026-03-25,731.0,8930.0,1440.0,165500.0,360,0.264,5.2,Salaried,Semiurban,?,Approved
LP000984,Skyler Jones,2026-05-06,656.0,7920.0,2980.0,147300.0,360,0.117,7.6,Self-Employed,Semiurban,1,Approved
LP000166,Sam Lopez,2025-09-22,695.0,3800.0,860.0,215300.0,180,0.393,6.1,Salaried,Urban,1,Rejected
LP000249,Reese Miller,2026-05-31,810.0,3570.0,0.0,59500.0,360,0.391,1.0,Salaried,Semiurban,0,Approved
LP000447,Quinn Anderson,2026-02-17,691.0,3100.0,0.0,175600.0,360,0.343,1.8,Unemployed,Semiurban,0,Rejected
LP001515,Reese Martin,2026-03-17,653.0,5360.0,830.0,95800.0,360,0.317,0.6,Salaried,Urban,3+,Approved
LP000859,Jordan Martinez,2025-12-06,613.0,7770.0,5820.0,301200.0,360,0.247,7.4,Salaried,Urban,1,Approved
LP001212,Dakota Lopez,2026-07-27,601.0,6170.0,0.0,57300.0,180,0.344,0.8,Salaried,Semiurban,0,Approved
LP000098,Peyton Moore,2025-08-18,682.0,4890.0,2460.0,194700.0,360,0.397,0.3,Salaried,Urban,3+,Rejected
LP001421,Jamie Martinez,2025-11-18,706.0,4730.0,1250.0,118800.0,180,0.463,11.8,Salaried,Semiurban,0,Approved
LP000738,Taylor Hernandez,2025-03-31,744.0,2280.0,2230.0,205400.0,360,0.275,6.3,Contract,Urban,1,Approved
LP001256,Chris Moore,2025-11-18,557.0,3500.0,2660.0,92400.0,360,0.429,11.7,Salaried,NA,2,Rejected
LP000103,Jordan Hernandez,2026-03-10,631.0,3540.0,0.0,138100.0,240,0.253,0.5,Salaried,Rural,0,Approved
LP000435,Peyton Miller,2025-06-19,788.0,5000.0,1740.0,188800.0,360,0.325,?,Self-Employed,Urban,0,Approved
LP000075,Sam Lopez,2025-06-17,437.0,1090.0,1830.0,100800.0,180,0.286,2.2,Salaried,Semiurban,0,Rejected
LP001792,Kendall Thomas,2025-12-27,670.0,6380.0,0.0,183300.0,180,0.317,30.9,Salaried,?,0,Approved
LP001235,Riley Johnson,2025-09-22,592.0,3330.0,0.0,179100.0,240,0.336,3.5,Salaried,Rural,0,Rejected
LP000919,Chris Moore,2026-01-03,622.0,6420.0,1210.0,166000.0,360,3.46,1.0,Unemployed,Semiurban,3+,Rejected
LP001712,Dakota Smith,2026-09-20,650.0,3420.0,0.0,153900.0,360,0.511,1.0,Self-Employed,Semiurban,0,Rejected
LP001671,Casey Brown,2025-10-29,640.0,2470.0,0.0,211700.0,240,0.318,4.8,Self-Employed,Semiurban,0,Rejected
LP001621,Sam Davis,2025-02-23,670.0,4240.0,4360.0,237400.0,360,0.241,14.2,Self-Employed,Urban,0,Approved
LP000763,Quinn Anderson,2025-03-16,850.0,6310.0,1630.0,71500.0,240,0.448,3.3,Self-Employed,Urban,3+,Approved
LP000990,Pat Moore,2025-09-07,662.0,4040.0,0.0,197700.0,360,0.248,2.5,Self-Employed,Urban,0,Rejected
LP000389,Quinn Rodriguez,2025-04-17,741.0,4930.0,1150.0,232000.0,360,0.295,null,Contract,Urban,null,Approved
LP000236,Avery Wilson,2025-01-15,714.0,10580.0,1030.0,99000.0,360,0.296,2.2,Self-Employed,Semiurban,0,Approved
LP001507,Rowan Jones,2025-10-21,719.0,8470.0,5810.0,205400.0,360,0.396,2.2,Self-Employed,Rural,0,Approved
LP000268,Jordan Moore,2025-06-18,538.0,4750.0,1560.0,333300.0,360,0.332,--,Salaried,Urban,0,Rejected
LP001188,Kendall Taylor,2025-07-25,641.0,2950.0,10090.0,219600.0,180,0.378,2.5,Salaried,Rural,1,Approved
LP000118,Riley Miller,2026-07-29,561.0,4600.0,,339300.0,360,0.43,0.1,Salaried,Rural,0,Rejected
LP001607,Avery Jones,2026-04-30,670.0,6770.0,0.0,129100.0,240,0.403,3.4,Contract,Urban,0,Approved
LP000674,Taylor Williams,2026-07-11,628.0,9950.0,3010.0,143300.0,480,0.48,0.6,Self-Employed,Rural,2,Rejected
LP000250,Skyler Thomas,2026-08-26,694.0,6270.0,0.0,209600.0,360,0.355,7.7,Self-Employed,Rural,2,Approved
LP001453,Kendall Jackson,2025-03-27,680.0,5420.0,0.0,143500.0,360,0.445,6.8,?,Semiurban,3+,Approved
LP000901,Pat Johnson,2026-06-07,691.0,3740.0,0.0,156200.0,360,0.408,0.0,Salaried,Urban,0,Rejected
LP000095,Morgan Davis,2025-06-27,,3260.0,1460.0,172800.0,360,0.414,5.3,Salaried,Semiurban,0,Rejected
LP000034,Chris Lopez,2026-06-13,570.0,7560.0,1560.0,210000.0,180,0.179,4.5,Salaried,Urban,0,Approved
LP001464,Jamie Anderson,2026-03-30,588.0,3240.0,0.0,158500.0,480,0.219,2.8,Salaried,Urban,0,Rejected
LP001668,Skyler Taylor,2026-05-12,617.0,4260.0,0.0,175400.0,360,0.277,10.6,Contract,Semiurban,0,Rejected
LP000449,Jordan Wilson,2025-03-22,616.0,5450.0,0.0,194300.0,360,0.388,1.9,Salaried,Semiurban,0,Rejected
LP000717,Pat Taylor,2026-06-11,670.0,7510.0,2540.0,266500.0,240,0.319,11.0,Salaried,Rural,1,Approved
LP001810,Jamie Lopez,2026-04-04,736.0,4860.0,0.0,300800.0,180,0.366,3.2,Salaried,Semiurban,0,Rejected
LP001518,Sam Miller,2025-08-25,714.0,52700.0,0.0,202800.0,360,0.34,1.6,Salaried,Urban,0,Approved
LP000001,Morgan Smith,2025-05-28,702.0,2030.0,,249900.0,360,0.419,13.1,Self-Employed,Urban,3+,Rejected
LP001376,Casey Jones,2025-09-18,642.0,,0.0,275200.0,360,0.284,6.4,Salaried,Rural,0,Rejected
LP001102,Rowan Thomas,2025-09-25,414.0,NA,3220.0,177600.0,360,0.269,5.7,Salaried,Semiurban,0,Rejected
LP001109,Logan Moore,2026-02-11,607.0,2690.0,1790.0,222800.0,360,0.217,6.4,Salaried,,1,Rejected
LP001227,Casey Miller,2025-09-07,664.0,2360.0,1140.0,73400.0,480,0.421,3.3,Salaried,Rural,NA,Approved
LP000083,Peyton Williams,2026-08-09,786.0,6240.0,3580.0,91400.0,360,0.283,3.6,Salaried,Semiurban,1,Approved
LP001289,Jamie Miller,2025-10-09,566.0,5390.0,6950.0,208900.0,240,0.308,5.1,Salaried,Semiurban,0,Approved
LP000677,Kendall Johnson,2025-04-05,566.0,9910.0,0.0,185900.0,360,0.495,0.4,Salaried,Semiurban,2,Rejected
LP001921,Skyler Jackson,2026-09-23,492.0,2450.0,1410.0,211600.0,360,0.518,1.3,Salaried,Semiurban,3+,Rejected
LP001047,Kendall Miller,2026-09-22,715.0,5590.0,4550.0,242300.0,360,0.407,11.4,,Rural,0,Approved
LP000771,Peyton Johnson,2025-10-16,720.0,13060.0,0.0,215000.0,360,0.501,1.2,Contract,Rural,1,Approved
LP001947,Quinn Jackson,2026-03-28,692.0,9860.0,3220.0,120200.0,360,0.237,0.5,Salaried,Rural,3+,Approved
LP001281,Riley Moore,2026-07-09,671.0,3990.0,4640.0,352900.0,240,0.468,2.5,Self-Employed,Urban,0,Rejected
LP001581,Jordan Brown,2025-02-02,677.0,10390.0,2910.0,214500.0,360,0.405,4.8,Salaried,Rural,3+,Approved
LP001489,Logan Hernandez,2025-11-14,530.0,NA,0.0,183300.0,360,0.504,5.1,Salaried,Urban,0,Rejected
LP000405,Jordan Rodriguez,2026-02-26,622.0,9010.0,2730.0,194500.0,360,0.539,4.8,Salaried,Rural,1,Rejected
LP001728,Taylor Jackson,2025-07-16,729.0,4560.0,0.0,213600.0,180,0.394,8.6,Salaried,Urban,0,Rejected
LP001299,Cameron Jackson,2026-06-23,683.0,5510.0,1300.0,--,360,0.602,13.1,Contract,Urban,0,Rejected
LP001341,Chris Williams,2026-04-07,674.0,9990.0,0.0,156800.0,360,0.134,7.1,Salaried,Urban,0,Approved
LP000105,Riley Rodriguez,2025-12-24,646.0,2510.0,0.0,null,120,0.425,0.8,Salaried,Urban,2,Rejected
LP000689,Kendall Lopez,2026-07-29,720.0,2930.0,0.0,182600.0,360,0.367,4.7,Salaried,Urban,0,Rejected
LP001306,Kendall Thomas,2026-02-08,584.0,NA,3310.0,204500.0,360,0.263,0.3,Salaried,Urban,0,Approved
LP000827,Jordan Wilson,2026-05-14,794.0,4320.0,5620.0,225900.0,360,2.98,2.0,Salaried,Semiurban,0,Approved
LP000063,Reese Taylor,2025-02-01,566.0,3350.0,1940.0,186800.0,360,0.375,5.2,Contract,Urban,2,Rejected
LP000853,Logan Davis,2025-09-10,606.0,5850.0,0.0,26700.0,360,0.493,3.3,Salaried,Rural,1,Approved
LP001354,Cameron Williams,2025-05-30,725.0,2940.0,2080.0,39000.0,360,0.484,3.2,Salaried,Urban,2,Approved
LP000224,Jamie Wilson,2026-09-22,523.0,5300.0,0.0,116300.0,180,0.412,2.8,Salaried,Semiurban,0,Rejected
LP000146,Chris Williams,2026-02-19,726.0,4730.0,0.0,120700.0,180,0.275,4.7,Salaried,Semiurban,2,Approved
LP001089,Jamie Wilson,2025-05-01,638.0,3040.0,0.0,89300.0,360,0.352,4.2,Self-Employed,Urban,0,Rejected
LP000374,Alex Williams,2025-12-17,null,11350.0,7270.0,125600.0,360,0.342,18.8,Contract,Rural,1,Approved
LP001421,Jamie Martinez,2025-11-18,706.0,4730.0,1250.0,118800.0,180,0.463,11.8,Salaried,Semiurban,0,Approved
LP001143,Avery Jackson,2026-04-28,647.0,4690.0,,142900.0,180,0.352,0.4,Salaried,Semiurban,1,Rejected
LP001827,Sam Jackson,2026-07-21,567.0,1970.0,2320.0,258900.0,360,0.211,1.6,Salaried,Rural,1,Rejected
LP001495,Cameron Jackson,2026-03-29,791.0,6960.0,720.0,214700.0,180,0.325,0.1,Salaried,null,0,Approved
LP001602,Sam Thomas,2025-07-23,777.0,2240.0,1770.0,282700.0,360,0.366,1.6,Salaried,Semiurban,2,Rejected
LP001271,Rowan Johnson,2025-09-13,753.0,2910.0,4990.0,98300.0,180,0.387,4.1,Self-Employed,Semiurban,1,Approved
LP000010,Alex Moore,2026-05-02,706.0,5500.0,2350.0,242500.0,360,0.277,7.8,Salaried,Semiurban,0,Approved
LP000450,Jamie Martin,2026-04-16,570.0,5090.0,2960.0,93800.0,180,0.419,2.3,Unemployed,Rural,3+,Rejected
LP000709,Rowan Williams,2026-06-11,483.0,5360.0,2510.0,213000.0,180,0.337,7.8,Salaried,Urban,2,Rejected
LP000256,Pat Jones,2025-10-25,619.0,6220.0,0.0,148700.0,360,0.241,5.7,Salaried,Urban,0,Approved
LP000883,Logan Williams,2026-02-19,618.0,10740.0,1160.0,165800.0,180,,7.7,Salaried,Semiurban,1,Approved
LP000390,Peyton Taylor,2026-03-03,611.0,3530.0,0.0,267500.0,360,0.293,0.8,Salaried,Urban,0,Rejected
LP000909,Jamie Rodriguez,2025-06-19,715.0,8860.0,0.0,132500.0,240,0.342,18.5,Salaried,Rural,0,Approved
LP000925,Chris Anderson,2025-09-28,762.0,4840.0,0.0,242400.0,180,0.163,0.5,Salaried,Rural,0,Approved
LP001704,Logan Miller,2025-03-06,754.0,3250.0,0.0,202700.0,360,0.239,1.1,Salaried,Urban,2,Rejected
LP001233,Jordan Anderson,2026-05-09,652.0,2830.0,0.0,196400.0,120,0.396,4.7,Salaried,Urban,0,Rejected
LP000461,Quinn Lopez,2025-04-16,827.0,7400.0,2130.0,,240,0.401,1.5,Self-Employed,,0,Approved
LP001270,Cameron Martin,2025-07-27,765.0,7050.0,0.0,95600.0,360,0.239,7.6,Unemployed,Urban,0,Approved
LP001760,Morgan Smith,2025-08-10,772.0,5010.0,720.0,239700.0,180,0.34,4.9,Salaried,Rural,1,Rejected
LP001169,Logan Davis,2025-02-04,711.0,8300.0,0.0,147400.0,360,0.383,3.8,Contract,Urban,2,Approved
LP000959,Taylor Moore,2026-05-14,708.0,3920.0,0.0,191200.0,360,0.295,4.4,Self-Employed,Rural,1,Rejected
LP000502,Peyton Jackson,2025-05-24,NA,3240.0,0.0,162100.0,360,0.325,,Self-Employed,Urban,null,Rejected
LP000740,Peyton Gonzalez,2025-02-25,746.0,6680.0,3170.0,180800.0,240,1.51,8.0,Salaried,Rural,0,Approved
LP001850,Taylor Davis,2025-08-11,696.0,2960.0,3870.0,181500.0,120,0.329,18.0,Salaried,Semiurban,0,Approved
LP000869,Avery Brown,2026-09-14,716.0,5980.0,1980.0,433300.0,360,0.348,6.0,Salaried,Semiurban,0,Rejected
LP000732,Cameron Moore,2025-03-15,577.0,4230.0,4120.0,35100.0,360,0.36,3.0,Self-Employed,Semiurban,NA,Approved
LP000540,Riley Taylor,2026-09-07,611.0,1880.0,1710.0,215100.0,360,0.147,5.8,Salaried,Urban,0,Rejected
LP001202,Alex Gonzalez,2025-07-19,624.0,4090.0,3210.0,133600.0,360,0.2,2.5,Salaried,Urban,1,Approved
LP000698,Jamie Lopez,2025-02-10,554.0,2430.0,6000.0,265200.0,360,0.282,3.2,Unemployed,Semiurban,2,Rejected
LP001393,Alex Martinez,2025-07-23,831.0,2940.0,1450.0,120900.0,120,0.199,5.3,Self-Employed,Urban,0,Approved
LP001377,Cameron Jones,2026-05-03,603.0,4910.0,1410.0,142700.0,360,,2.1,?,Semiurban,2,Rejected
LP001146,Reese Moore,2025-04-01,661.0,9320.0,4880.0,100900.0,360,0.277,2.5,Salaried,Urban,0,Approved
LP001032,Quinn Smith,2025-08-24,518.0,9290.0,0.0,255500.0,360,0.252,0.5,Salaried,Semiurban,0,Rejected
LP000373,Quinn Anderson,2026-01-17,783.0,6180.0,0.0,240800.0,360,0.48,3.4,Self-Employed,Semiurban,0,Rejected
LP000668,Cameron Wilson,2025-07-08,788.0,5120.0,0.0,127000.0,360,0.487,3.6,Salaried,Semiurban,3+,Approved
LP001526,Avery Johnson,2026-02-09,753.0,2590.0,850.0,122600.0,180,0.333,4.7,Self-Employed,,0,Approved
LP000358,Reese Davis,2026-01-04,635.0,4480.0,0.0,219000.0,180,0.351,1.6,Salaried,Semiurban,0,Rejected
LP000968,Peyton Lopez,2025-03-20,813.0,6870.0,1130.0,203700.0,360,0.36,15.3,Self-Employed,Urban,0,Approved
LP000784,Rowan Thomas,2025-05-28,712.0,3170.0,1120.0,178300.0,360,0.281,0.4,,Rural,2,Rejected
LP000736,Jordan Wilson,2025-12-06,700.0,5760.0,1690.0,168000.0,360,0.373,2.4,Self-Employed,Semiurban,0,Approved
LP001036,Peyton Lopez,2025-04-22,794.0,3040.0,0.0,202100.0,360,0.169,7.9,Salaried,Semiurban,0,Rejected
LP000971,Taylor Williams,2025-08-05,671.0,3430.0,0.0,67000.0,360,0.427,1.9,Salaried,Urban,0,Approved
LP001525,Alex Davis,2026-03-24,628.0,3430.0,1340.0,148200.0,360,0.528,3.0,Contract,Semiurban,2,Rejected
LP001487,Peyton Brown,2026-06-21,539.0,6550.0,1270.0,200800.0,360,0.294,0.6,Salaried,Rural,1,Rejected
LP001524,Taylor Jackson,2026-07-29,578.0,2890.0,1630.0,192000.0,360,0.334,0.1,Self-Employed,Rural,1,Rejected
LP001491,Morgan Rodriguez,2026-05-09,613.0,5290.0,0.0,259300.0,180,0.402,2.1,Salaried,null,1,Rejected
LP001643,Alex Rodriguez,2025-06-11,653.0,15550.0,0.0,102300.0,360,0.334,0.6,Self-Employed,Semiurban,0,Approved
LP001253,Jamie Wilson,2026-07-22,--,5490.0,3750.0,293700.0,480,0.44,1.0,Salaried,Urban,0,Rejected
LP001694,Taylor Jackson,2025-01-01,546.0,4830.0,2380.0,291800.0,360,0.307,8.0,Self-Employed,Rural,3+,Rejected
LP001750,Sam Williams,2026-03-02,745.0,4400.0,0.0,254600.0,120,0.347,,Self-Employed,Rural,2,Rejected
LP001237,Riley Moore,2026-01-27,803.0,2700.0,1150.0,67700.0,360,0.361,0.9,NA,Rural,2,Approved
LP000886,Kendall Smith,2025-02-07,817.0,4230.0,3750.0,165300.0,360,0.523,4.8,Salaried,Semiurban,3+,Approved
LP000080,Morgan Lopez,2026-01-31,491.0,3840.0,,78900.0,480,0.453,7.0,Salaried,Semiurban,0,Rejected
LP001173,Skyler Martinez,2025-08-26,669.0,6280.0,0.0,219500.0,360,0.517,1.3,Unemployed,Urban,3+,Rejected
LP000815,Jamie Thomas,2026-08-04,748.0,5580.0,1700.0,188100.0,,0.461,7.9,Self-Employed,Rural,0,Approved
LP001286,Logan Taylor,2025-11-19,,5400.0,3220.0,244500.0,360,0.421,0.8,Contract,Semiurban,2,Rejected
LP000672,Sam Thomas,2025-06-13,484.0,7290.0,2800.0,91700.0,null,0.441,3.3,Salaried,Rural,0,Rejected
LP001532,Morgan Jackson,2025-09-27,510.0,1340.0,2810.0,118500.0,360,0.418,1.3,Salaried,Semiurban,1,Rejected
LP000058,Jordan Brown,2026-01-13,634.0,3270.0,3160.0,175700.0,360,0.329,13.9,Self-Employed,Rural,0,Rejected
LP000134,Reese Martinez,2026-06-14,700.0,1560.0,0.0,145100.0,360,0.329,11.3,Self-Employed,Semiurban,0,Rejected
LP001141,Chris Martinez,2025-04-04,635.0,1980.0,0.0,162500.0,360,0.285,0.9,Self-Employed,Rural,0,Rejected
LP000934,Reese Johnson,2026-04-11,473.0,6180.0,3680.0,116200.0,360,0.294,3.7,Salaried,Urban,0,Rejected
LP001685,Jordan Smith,2025-03-12,560.0,6070.0,4610.0,214200.0,360,0.351,2.0,Salaried,Urban,1,Approved
LP000824,Sam Garcia,2025-04-11,629.0,2270.0,2930.0,119900.0,360,0.249,13.6,Salaried,Urban,2,Approved
LP001215,Taylor Moore,2025-10-29,635.0,2760.0,null,172800.0,360,0.429,3.0,Salaried,Rural,0,Rejected
LP000505,Quinn Lopez,2025-09-18,605.0,6910.0,6660.0,190600.0,360,0.349,5.2,Salaried,Semiurban,1,Approved
LP001775,Cameron Wilson,2026-03-02,597.0,3600.0,860.0,157900.0,360,0.47,9.5,Salaried,Rural,1,Rejected
LP000348,Morgan Wilson,2025-08-25,540.0,9910.0,1970.0,58800.0,360,0.312,15.0,Salaried,Semiurban,1,Approved
LP000387,Kendall Garcia,2025-03-02,689.0,6310.0,0.0,374900.0,360,0.304,1.2,Contract,Urban,0,Rejected
LP001025,Rowan Wilson,2025-09-28,807.0,7750.0,0.0,281400.0,360,0.317,10.4,Contract,Rural,0,Approved
LP000895,Logan Moore,2025-08-17,777.0,5480.0,1820.0,95700.0,180,0.331,5.5,Salaried,Semiurban,2,Approved
LP000829,Reese Martin,2026-01-01,624.0,61600.0,1340.0,99200.0,360,0.41,8.9,Salaried,Rural,0,Approved
LP001893,Pat Brown,2025-08-16,623.0,8020.0,0.0,104900.0,180,0.368,5.7,Salaried,Semiurban,2,Approved
LP000476,Rowan Thomas,2025-12-16,639.0,6360.0,1930.0,115900.0,360,0.484,0.6,Salaried,Urban,--,Approved
LP001471,Morgan Smith,2026-01-01,762.0,3630.0,4310.0,320200.0,360,0.277,5.5,Salaried,Urban,0,Approved
LP001448,Cameron Hernandez,2026-07-16,710.0,10350.0,,205200.0,360,0.325,4.7,Contract,Semiurban,0,Approved
LP001582,Reese Smith,2025-12-05,758.0,12440.0,2490.0,169500.0,360,0.297,3.1,Salaried,Urban,0,Approved
LP000653,Taylor Williams,2025-02-10,637.0,3580.0,0.0,285900.0,360,0.268,2.8,Contract,Semiurban,2,Rejected
LP000173,Avery Brown,2025-08-17,653.0,4870.0,0.0,65600.0,480,0.35,0.5,Salaried,Rural,0,Approved
LP001150,Pat Brown,2026-01-15,588.0,6570.0,830.0,146600.0,360,0.403,1.0,Self-Employed,Urban,0,Approved
LP000039,Chris Anderson,2025-03-09,547.0,3570.0,2010.0,178500.0,360,0.343,5.0,Salaried,Urban,0,Rejected
LP000714,Dakota Thomas,2025-10-31,694.0,3060.0,3680.0,143300.0,360,0.458,0.0,,Urban,1,Approved
LP000091,Kendall Miller,2025-01-21,668.0,3470.0,1560.0,251100.0,240,0.275,9.7,Salaried,Semiurban,0,Rejected
LP001937,Peyton Taylor,2025-11-25,682.0,1640.0,0.0,158600.0,180,0.311,4.0,Salaried,Semiurban,1,Rejected
LP001206,Dakota Lopez,2025-01-05,663.0,2170.0,0.0,221800.0,240,0.394,11.0,Salaried,Semiurban,1,Rejected
LP000876,Peyton Davis,2025-03-20,813.0,11520.0,0.0,287000.0,360,0.05,1.3,Self-Employed,Rural,,Approved
LP001352,Alex Miller,2026-01-26,507.0,3070.0,0.0,170200.0,360,0.395,22.9,Salaried,Urban,0,Rejected
LP001890,Alex Wilson,2026-08-13,659.0,4210.0,820.0,147500.0,180,0.486,6.6,Self-Employed,Semiurban,2,Rejected
LP001094,Sam Taylor,2025-11-20,664.0,5500.0,0.0,135400.0,360,0.355,17.0,Unemployed,Semiurban,,Rejected
LP001156,Chris Martin,2026-09-21,746.0,5890.0,0.0,233200.0,120,0.595,,Salaried,Rural,1,Rejected
LP001782,Riley Martinez,2025-06-20,653.0,3250.0,0.0,172300.0,360,0.388,6.2,Self-Employed,Rural,0,Rejected
LP001174,Morgan Martinez,2026-09-22,655.0,4110.0,3140.0,180600.0,360,0.375,0.6,Salaried,Semiurban,0,Rejected
LP000500,Casey Smith,2025-06-18,542.0,3480.0,0.0,209900.0,480,0.17,11.2,Self-Employed,Semiurban,3+,Rejected
LP000339,Peyton Davis,2025-04-24,695.0,3650.0,0.0,157500.0,,0.45,2.1,Self-Employed,Urban,1,Rejected
LP001189,Pat Jackson,2026-06-15,707.0,6230.0,1030.0,213400.0,360,0.292,0.8,?,Semiurban,0,Approved
LP000029,Jordan Davis,2025-07-12,609.0,3340.0,0.0,39400.0,240,0.257,2.7,Salaried,Urban,,Approved
LP001218,Kendall Gonzalez,2026-06-10,684.0,5320.0,1390.0,258600.0,360,0.148,13.4,Contract,Urban,0,Approved
LP001400,Avery Rodriguez,2025-11-29,604.0,4590.0,1880.0,167100.0,480,0.367,6.2,Salaried,Urban,2,Rejected
LP001821,Skyler Thomas,2025-11-04,649.0,8110.0,0.0,304800.0,360,0.315,0.7,Self-Employed,Semiurban,0,Rejected
LP000946,Riley Brown,2026-01-21,569.0,35000.0,0.0,304700.0,360,0.392,9.9,Salaried,Rural,0,Rejected
LP000170,Kendall Martinez,2025-04-02,596.0,4470.0,0.0,306000.0,180,0.237,1.5,Contract,Urban,2,Rejected
LP001405,Quinn Williams,2026-01-26,745.0,3650.0,3080.0,89700.0,360,0.328,5.7,Salaried,Semiurban,NA,Approved
LP001198,Skyler Wilson,2025-12-22,707.0,3440.0,5840.0,106000.0,480,0.498,2.3,Self-Employed,Urban,0,Approved
LP001254,Dakota Jones,2025-07-02,692.0,9320.0,2370.0,266000.0,360,--,4.0,Salaried,Rural,0,Approved
LP001614,Sam Wilson,2026-06-18,653.0,8930.0,980.0,44000.0,480,0.336,3.8,Salaried,Semiurban,2,Approved
LP000913,Jamie Garcia,2025-06-13,681.0,2830.0,0.0,240400.0,240,0.236,1.3,Salaried,Urban,0,Rejected
LP000492,Quinn Thomas,2025-12-16,786.0,9810.0,0.0,322700.0,360,0.36,3.8,Self-Employed,Urban,0,Approved
LP000954,Pat Brown,2025-08-17,783.0,5800.0,0.0,233400.0,360,0.432,0.7,Salaried,Rural,1,Approved
LP001098,Jamie Garcia,2025-06-08,490.0,4150.0,2380.0,63600.0,360,0.079,1.2,Unemployed,Semiurban,1,Rejected
LP001033,Taylor Gonzalez,2026-01-23,694.0,7090.0,2210.0,100700.0,360,0.326,8.8,Salaried,Urban,1,Approved
LP000588,Cameron Smith,2025-02-24,588.0,7780.0,2740.0,151500.0,480,0.312,1.7,Self-Employed,Semiurban,0,Approved
LP000751,Avery Hernandez,2026-02-19,582.0,5960.0,0.0,159500.0,180,0.333,3.2,Self-Employed,?,1,Rejected
LP000658,Kendall Hernandez,2026-09-23,658.0,1630.0,960.0,74700.0,180,0.255,7.9,Salaried,Rural,1,Approved
LP000235,Avery Taylor,2026-01-18,842.0,1630.0,,292900.0,360,0.402,4.5,Salaried,Rural,0,Rejected
LP000733,Riley Taylor,2025-06-07,--,4170.0,1150.0,48200.0,360,0.296,11.2,,Rural,0,Approved
LP000768,Reese Williams,2025-11-05,811.0,,0.0,304800.0,360,0.411,4.4,Salaried,Semiurban,1,Rejected
LP001633,Riley Thomas,2025-09-06,605.0,,1590.0,,360,0.336,3.2,Salaried,Urban,0,Approved
LP001157,Cameron Wilson,2026-06-18,602.0,2570.0,5760.0,227900.0,180,0.21,23.0,Salaried,Semiurban,1,Approved
LP001470,Avery Johnson,2025-02-05,698.0,3770.0,1010.0,230200.0,180,0.317,0.1,Salaried,Semiurban,1,Rejected
LP001425,Cameron Lopez,2026-09-12,571.0,2120.0,0.0,210000.0,360,0.316,0.7,Salaried,Rural,1,Rejected
LP001628,Rowan Taylor,2025-06-21,769.0,3570.0,0.0,253500.0,180,0.234,2.4,Salaried,Semiurban,1,Rejected
LP000935,Sam Williams,2025-02-17,697.0,1240.0,5620.0,244800.0,360,0.208,3.6,Salaried,Semiurban,2,Approved
LP001210,Avery Wilson,2026-06-03,?,5750.0,2380.0,164300.0,360,0.359,11.1,Salaried,Rural,1,Approved
LP001066,Sam Hernandez,2025-08-23,565.0,8260.0,3070.0,116200.0,360,0.293,1.5,Salaried,Urban,0,Approved
LP000109,Quinn Davis,2026-04-23,682.0,5600.0,1170.0,198800.0,360,0.116,0.4,Self-Employed,Urban,0,Approved
LP001543,Riley Miller,2025-07-12,null,6300.0,0.0,98400.0,360,0.501,4.7,Salaried,Rural,1,Approved
LP000569,Pat Martin,2026-05-31,,4380.0,0.0,253200.0,360,0.348,11.8,Salaried,Rural,2,Rejected
LP001168,Alex Rodriguez,2025-07-19,708.0,3370.0,1690.0,268400.0,120,0.243,13.6,Salaried,Semiurban,0,Rejected
LP001175,Logan Martin,2025-06-23,596.0,4580.0,2350.0,250700.0,360,0.416,0.8,Self-Employed,Rural,1,Rejected
LP000891,Taylor Lopez,2026-04-29,730.0,5700.0,0.0,69300.0,360,0.176,4.4,Salaried,Urban,0,Approved
LP000948,Quinn Taylor,2026-01-10,601.0,11640.0,NA,161700.0,,0.416,2.2,Self-Employed,Semiurban,0,Rejected
LP001049,Avery Williams,2025-02-09,786.0,5810.0,2110.0,46500.0,360,0.421,2.4,Salaried,Urban,2,Approved
LP001353,Peyton Jones,2025-07-20,706.0,5480.0,2530.0,202000.0,240,0.289,3.3,Self-Employed,Semiurban,0,Approved
LP001778,Casey Rodriguez,2026-01-02,657.0,8390.0,0.0,,360,0.489,13.6,Salaried,Semiurban,3+,Rejected
LP001447,Jordan Jackson,2026-04-30,615.0,6330.0,3400.0,98900.0,480,0.467,1.4,--,Urban,1,Approved
LP000885,Skyler Taylor,2025-08-06,718.0,4350.0,4730.0,20000.0,180,0.36,8.9,Salaried,Rural,0,Approved
LP001673,Dakota Rodriguez,2026-05-17,627.0,1830.0,2600.0,174700.0,360,0.285,2.5,Salaried,Rural,0,Rejected
LP000851,Dakota Johnson,2025-01-05,607.0,5390.0,0.0,180500.0,360,0.314,0.9,Salaried,Semiurban,0,Rejected
LP000735,Taylor Gonzalez,2026-04-16,747.0,5810.0,0.0,113300.0,360,0.27,2.9,Salaried,Rural,--,Approved
LP000718,Morgan Lopez,2025-03-26,673.0,2650.0,1950.0,,180,0.253,NA,Salaried,Semiurban,0,Rejected
LP000455,Peyton Johnson,2026-05-26,615.0,11350.0,0.0,196300.0,360,0.363,0.2,Contract,Rural,0,Approved
LP000265,Morgan Wilson,2026-05-17,639.0,3890.0,0.0,250900.0,360,0.254,5.0,,Urban,1,Rejected
LP000076,Chris Moore,2025-09-22,730.0,5390.0,4040.0,101200.0,360,0.429,0.1,Contract,NA,0,Approved
LP001658,Dakota Davis,2026-07-26,772.0,8440.0,790.0,281000.0,360,0.352,9.6,Salaried,Urban,1,Approved
LP000445,Cameron Rodriguez,2026-07-18,549.0,,5230.0,252200.0,120,0.441,1.5,--,Urban,0,Rejected
LP000396,Kendall Jones,2026-09-18,NA,8510.0,890.0,225200.0,360,0.431,11.6,Contract,Urban,2,Rejected
LP000177,Casey Martinez,2026-01-16,661.0,2720.0,1140.0,278500.0,360,0.331,11.9,Self-Employed,Rural,0,Rejected
LP001043,Casey Lopez,2026-09-13,752.0,5100.0,2640.0,135100.0,360,0.24,3.6,Contract,Semiurban,2,Approved
LP001736,Taylor Miller,2025-09-20,523.0,3210.0,0.0,248300.0,360,0.43,13.3,Contract,Urban,3+,Rejected
LP001402,Taylor Garcia,2026-05-15,706.0,4140.0,1560.0,251700.0,360,0.231,0.6,Self-Employed,Urban,0,Rejected
LP001381,Avery Anderson,2025-09-24,718.0,7760.0,0.0,252900.0,360,0.587,,Salaried,Semiurban,1,Rejected
LP000596,Kendall Hernandez,2025-03-05,617.0,6100.0,0.0,204100.0,360,0.361,1.8,Salaried,Rural,0,Rejected
LP000062,Cameron Martin,2025-05-07,null,3360.0,4510.0,389400.0,120,0.36,13.1,Salaried,Rural,1,Rejected
LP001297,Sam Miller,2025-05-12,738.0,6130.0,0.0,195600.0,480,0.342,7.7,Salaried,null,0,Approved
LP000873,Morgan Thomas,2026-07-06,543.0,4800.0,4340.0,39000.0,360,0.437,9.5,Salaried,Rural,0,Approved
LP001490,Pat Anderson,2025-12-22,767.0,5690.0,2390.0,77500.0,360,0.447,8.4,Salaried,Urban,1,Approved
LP001879,Chris Johnson,2026-07-07,517.0,111300.0,1300.0,387600.0,360,0.207,6.6,Contract,Rural,1,Rejected
LP000279,Casey Taylor,2025-05-07,666.0,1930.0,0.0,237000.0,360,0.343,0.9,Self-Employed,Rural,0,Rejected
LP000037,Rowan Garcia,2026-06-12,678.0,7060.0,2910.0,238700.0,360,0.296,2.3,Self-Employed,Semiurban,0,Approved
LP000994,Skyler Garcia,2026-08-30,null,4470.0,2650.0,20000.0,180,0.237,1.0,Salaried,Urban,0,Approved
LP000663,Morgan Brown,2026-01-02,657.0,4440.0,NA,71900.0,360,0.447,0.9,Self-Employed,Urban,0,Approved
LP001056,Jamie Moore,2026-09-10,603.0,2520.0,10930.0,191300.0,360,0.38,1.6,Salaried,Urban,0,Approved
LP001445,Riley Lopez,2025-04-08,694.0,13180.0,,246300.0,120,0.533,2.1,Salaried,Semiurban,3+,Approved
LP000978,Reese Taylor,2025-08-24,454.0,5470.0,2930.0,--,360,0.329,16.8,Salaried,Urban,0,Rejected
LP001572,Taylor Moore,2025-01-16,553.0,1410.0,0.0,89200.0,360,0.206,2.1,Salaried,Semiurban,3+,Rejected
LP000739,Peyton Wilson,2025-03-17,802.0,7180.0,0.0,162600.0,360,0.416,13.2,Self-Employed,Semiurban,0,Approved
LP000192,Logan Jackson,2025-05-03,733.0,5040.0,0.0,182200.0,360,0.451,6.0,NA,Rural,0,Rejected
LP000920,Avery Hernandez,2025-02-11,676.0,9090.0,1580.0,257400.0,360,0.501,6.3,Self-Employed,Urban,0,Approved
LP000457,Skyler Anderson,2025-11-20,651.0,2570.0,1570.0,232800.0,360,0.27,7.8,Self-Employed,Rural,0,Rejected
LP000676,Logan Jones,2026-02-18,594.0,3200.0,4620.0,215000.0,?,0.202,14.0,Salaried,Urban,0,Approved
LP000761,Rowan Jones,2026-08-23,611.0,3260.0,0.0,132700.0,360,0.593,2.1,Salaried,Semiurban,0,Rejected
LP001808,Chris Garcia,2026-01-04,703.0,13640.0,2880.0,209400.0,480,0.37,5.7,Salaried,Urban,NA,Approved
LP001603,Taylor Davis,2026-04-17,605.0,5850.0,3300.0,172600.0,360,0.385,,Salaried,Urban,0,Approved
LP000729,Morgan Smith,2025-07-30,614.0,5150.0,2580.0,263000.0,360,0.164,8.4,Unemployed,Rural,1,Rejected
LP000413,Morgan Moore,2026-08-14,530.0,2300.0,1000.0,110600.0,360,0.286,1.6,Salaried,Semiurban,1,Rejected
LP001099,Reese Moore,2026-03-13,738.0,6080.0,2470.0,346100.0,360,0.376,1.1,Salaried,Semiurban,0,Rejected
LP000826,Chris Anderson,2026-08-18,784.0,4260.0,0.0,NA,240,0.227,1.3,Salaried,Urban,0,Approved
LP001640,Chris Thomas,2026-01-16,569.0,4030.0,700.0,229900.0,180,0.362,0.1,Contract,Urban,0,Rejected
LP000617,Logan Johnson,2026-07-20,669.0,2990.0,2440.0,204500.0,180,0.287,1.5,Contract,Urban,0,Rejected
LP000115,Jordan Brown,2025-01-08,644.0,5610.0,1960.0,100600.0,360,0.517,0.2,,Rural,2,Approved
LP000418,Reese Martinez,2026-06-20,670.0,2090.0,0.0,156000.0,480,0.545,3.4,Self-Employed,Semiurban,0,Rejected
LP001911,Kendall Wilson,2025-05-14,807.0,3920.0,0.0,129600.0,480,?,0.2,Self-Employed,Semiurban,0,Approved
LP000970,Sam Martin,2025-10-15,538.0,9400.0,1030.0,276300.0,180,0.252,3.8,Unemployed,Urban,0,Rejected
LP000605,Sam Gonzalez,2026-07-30,695.0,3180.0,1040.0,197900.0,360,0.467,0.5,Self-Employed,Semiurban,0,Rejected
LP001919,Cameron Johnson,2025-07-20,646.0,5270.0,1420.0,189700.0,240,0.395,2.3,,Semiurban,0,Rejected
LP000090,Dakota Miller,2026-06-10,704.0,2030.0,990.0,226600.0,360,0.223,1.5,Contract,Rural,0,Rejected
LP000849,Riley Anderson,2026-03-15,606.0,4110.0,1180.0,161500.0,180,0.329,1.3,Salaried,Urban,0,Rejected
LP001520,Skyler Thomas,2026-07-16,818.0,4410.0,3720.0,226800.0,120,0.57,3.1,Salaried,Semiurban,0,Approved
LP001918,Avery Williams,2026-08-09,607.0,11240.0,0.0,126700.0,360,0.448,12.3,Salaried,Semiurban,3+,Approved
LP000754,Skyler Brown,2025-01-18,750.0,8200.0,0.0,317400.0,360,0.168,1.9,Contract,Rural,1,Approved
LP000499,Jamie Taylor,2025-02-16,586.0,3320.0,4960.0,136300.0,360,0.274,9.7,Contract,Urban,0,Approved
LP001277,Pat Miller,2025-03-22,850.0,3220.0,0.0,153300.0,360,0.319,9.7,Salaried,Rural,0,Approved
LP001326,Morgan Brown,2025-08-31,492.0,9680.0,580.0,229800.0,360,0.367,0.6,Salaried,Rural,0,Rejected
LP000012,Dakota Davis,2026-01-17,620.0,5670.0,0.0,185900.0,360,0.374,3.1,Salaried,,0,Rejected
LP000397,Casey Johnson,2026-01-24,514.0,3870.0,0.0,258000.0,180,0.459,6.3,Salaried,Semiurban,0,Rejected
LP000285,Kendall Williams,2025-02-19,841.0,2680.0,3090.0,247000.0,360,0.31,5.1,Salaried,Urban,1,Approved
LP001067,Rowan Hernandez,2026-05-09,550.0,2300.0,0.0,229900.0,480,0.286,?,Contract,Urban,0,Rejected
LP001192,Skyler Anderson,2025-04-03,547.0,1700.0,0.0,210900.0,180,0.372,0.3,Salaried,Urban,0,Rejected
LP001745,Reese Rodriguez,2025-03-23,581.0,7600.0,5570.0,225400.0,240,0.518,3.7,Self-Employed,Semiurban,0,Rejected
LP000691,Peyton Davis,2025-04-28,629.0,12140.0,2280.0,251100.0,180,0.232,6.7,Unemployed,Semiurban,0,Rejected
LP001753,Jordan Martinez,2026-09-24,604.0,3110.0,0.0,198300.0,360,0.116,5.9,--,Semiurban,1,Rejected
LP001876,Quinn Smith,2026-06-21,779.0,8830.0,390.0,144300.0,240,0.27,2.0,Salaried,Urban,0,Approved
LP000690,Morgan Rodriguez,2025-01-10,698.0,6000.0,0.0,152800.0,480,0.236,7.3,Salaried,Semiurban,,Approved
LP000852,Cameron Taylor,2025-11-17,613.0,18890.0,0.0,41400.0,180,0.22,?,Salaried,Urban,1,Approved
LP000160,Jamie Williams,2026-07-26,716.0,6640.0,6150.0,156700.0,120,null,6.3,Salaried,Semiurban,0,Approved
LP000896,Jamie Garcia,2026-08-27,715.0,2840.0,0.0,208400.0,360,0.246,17.9,Salaried,Semiurban,0,Rejected
LP001576,Jamie Martinez,2026-03-07,657.0,2730.0,3890.0,258800.0,360,0.231,2.2,Salaried,Semiurban,1,Rejected
LP000258,Riley Thomas,2026-06-17,600.0,5870.0,0.0,152900.0,360,0.448,16.3,Salaried,Urban,2,Rejected
LP000336,Avery Jackson,2025-01-03,648.0,6190.0,2020.0,230100.0,180,0.291,33.0,Salaried,Urban,3+,Approved
LP001880,Morgan Hernandez,2026-08-02,592.0,6250.0,0.0,161100.0,360,0.569,11.4,Salaried,Urban,0,Rejected
LP001040,Avery Moore,2026-06-01,749.0,16410.0,1640.0,141700.0,480,0.219,4.5,Unemployed,Semiurban,0,Approved
LP000516,Sam Taylor,2026-03-01,724.0,7660.0,4020.0,138800.0,360,0.426,4.7,Salaried,Urban,0,Approved
LP001349,Casey Moore,2025-08-30,544.0,2760.0,4000.0,211000.0,360,0.406,0.2,Salaried,Urban,0,Rejected
LP001016,Cameron Jones,2026-05-09,677.0,4320.0,1420.0,247200.0,360,0.315,1.3,,Urban,2,Rejected
LP000769,Quinn Anderson,2026-09-14,607.0,3650.0,0.0,199800.0,360,0.387,3.6,Salaried,Rural,2,Rejected
LP001747,Chris Martinez,2025-03-04,743.0,3690.0,4980.0,222800.0,480,0.39,2.0,Self-Employed,Rural,0,Approved
LP000762,Taylor Garcia,2025-02-16,670.0,10570.0,1280.0,124900.0,360,0.387,9.4,Salaried,Semiurban,2,Approved
LP001247,Casey Johnson,2025-09-12,663.0,7020.0,0.0,154500.0,360,0.274,13.5,Salaried,Urban,0,Approved
LP001204,Pat Jackson,2026-02-18,706.0,4070.0,0.0,227200.0,120,0.395,0.1,Salaried,Semiurban,0,Rejected
LP001468,Reese Anderson,2025-06-24,694.0,5450.0,1240.0,189100.0,240,0.397,1.8,Salaried,Urban,0,Rejected
LP001667,Quinn Lopez,2025-02-10,575.0,3000.0,0.0,275900.0,240,0.238,16.7,Salaried,Semiurban,0,Rejected
LP000522,Sam Williams,2026-08-27,706.0,16030.0,0.0,95600.0,360,0.111,6.1,Unemployed,Rural,,Approved
LP000023,Reese Moore,2026-03-30,666.0,6820.0,6790.0,171800.0,480,0.316,1.5,?,Semiurban,3+,Approved
LP000357,Taylor Rodriguez,2025-10-25,658.0,6660.0,2290.0,383300.0,360,0.324,4.2,Salaried,Rural,1,Rejected
LP001278,Morgan Thomas,2026-05-20,693.0,9180.0,2490.0,303600.0,360,0.241,3.9,Self-Employed,Semiurban,0,Approved
LP001313,Sam Smith,2025-01-09,778.0,3130.0,0.0,219800.0,360,0.401,1.9,Salaried,Rural,0,Rejected
LP001683,Morgan Davis,2026-07-22,583.0,4370.0,5370.0,210000.0,180,0.307,10.8,Salaried,Semiurban,0,Approved
LP000341,Rowan Brown,2026-05-21,,11720.0,0.0,,360,0.418,1.3,Salaried,Rural,2,Approved
LP000432,Avery Martinez,2026-06-02,487.0,3050.0,5100.0,166600.0,360,0.132,4.3,,Semiurban,0,Approved
LP000474,Jordan Miller,2025-07-31,776.0,4810.0,null,220600.0,360,0.304,3.7,Salaried,Rural,0,Rejected
LP000218,Jamie Smith,2025-06-22,640.0,2620.0,0.0,101100.0,240,0.51,1.8,Self-Employed,Urban,2,Rejected
LP000912,Reese Gonzalez,2026-04-02,679.0,6260.0,2280.0,345800.0,180,0.306,1.8,Self-Employed,Rural,0,Rejected
LP001228,Morgan Johnson,2025-12-14,648.0,3820.0,0.0,311400.0,360,0.366,13.6,Salaried,Semiurban,1,Rejected
LP001597,Sam Jackson,2025-09-12,713.0,6930.0,2940.0,203000.0,360,0.503,3.6,Salaried,Semiurban,0,Approved
LP001012,Reese Miller,2025-08-10,677.0,3630.0,2260.0,171200.0,360,0.358,7.9,Salaried,Urban,0,Rejected
LP001950,Casey Gonzalez,2025-07-24,656.0,5940.0,0.0,225500.0,360,0.278,5.6,Salaried,?,0,Rejected
LP000094,Skyler Anderson,2025-05-16,632.0,5300.0,1690.0,275600.0,480,0.333,2.5,Self-Employed,Urban,3+,Rejected
LP001009,Taylor Johnson,2025-01-20,749.0,8670.0,3310.0,135800.0,360,0.358,2.4,Salaried,Urban,2,Approved
LP001071,Skyler Taylor,2026-08-13,656.0,,0.0,48300.0,180,0.429,7.9,Self-Employed,Urban,0,Approved
LP001093,Quinn Johnson,2025-07-30,722.0,3670.0,0.0,null,360,0.267,7.9,Salaried,Semiurban,0,Approved
LP001915,Dakota Moore,2025-07-22,507.0,4080.0,1860.0,326500.0,360,0.37,0.3,Salaried,Semiurban,0,Rejected
LP001309,Jordan Williams,2025-05-04,980.0,8900.0,14200.0,332800.0,360,0.35,,Self-Employed,Semiurban,2,Approved
LP000697,Casey Martinez,2025-09-07,688.0,4080.0,0.0,173800.0,360,0.407,6.8,Salaried,Rural,0,Rejected
LP001828,Sam Brown,2026-06-08,780.0,2660.0,3600.0,41800.0,360,0.298,0.1,Contract,--,2,Approved
LP000997,Rowan Martin,2026-06-09,?,5130.0,0.0,77700.0,360,0.384,1.9,Self-Employed,Rural,1,Approved
LP000154,Peyton Taylor,2026-07-02,680.0,8630.0,0.0,147000.0,360,0.51,5.7,Unemployed,Urban,1,Rejected
LP001100,Jamie Moore,2026-08-23,689.0,8940.0,1510.0,78900.0,240,0.205,2.0,Contract,Urban,0,Approved
LP001719,Dakota Thomas,2026-06-20,720.0,4580.0,0.0,188000.0,360,0.234,1.8,Salaried,Rural,2,Rejected
LP001209,Quinn Johnson,2026-02-21,541.0,9550.0,0.0,127500.0,360,0.476,4.5,Contract,Urban,0,Approved
LP000790,Riley Anderson,2025-05-25,519.0,7530.0,5550.0,171500.0,120,0.291,5.6,Self-Employed,Urban,0,Rejected
LP000581,Chris Rodriguez,2026-03-09,689.0,6230.0,2360.0,132700.0,360,0.169,6.0,Salaried,Urban,1,Approved
LP000704,Pat Gonzalez,2026-07-08,540.0,8230.0,0.0,238300.0,360,0.383,5.2,Salaried,Urban,3+,Rejected
LP001213,Cameron Anderson,2025-03-16,599.0,3910.0,0.0,325200.0,120,0.27,10.1,Salaried,Semiurban,3+,Rejected
LP001296,Dakota Martinez,2026-08-14,652.0,7230.0,5010.0,247700.0,360,0.341,11.5,Salaried,Semiurban,3+,Approved
LP001666,Alex Garcia,2025-09-14,658.0,7100.0,870.0,68700.0,360,0.382,3.1,Self-Employed,Semiurban,0,Approved
LP001261,Dakota Wilson,2025-07-07,707.0,8880.0,3240.0,301300.0,360,0.246,3.2,Self-Employed,Semiurban,3+,Approved
LP000488,Reese Brown,2025-04-27,568.0,7430.0,790.0,240800.0,360,0.379,3.5,Salaried,Urban,0,Rejected
LP000560,Peyton Lopez,2025-11-18,624.0,2540.0,1930.0,158700.0,360,0.385,0.1,Salaried,Semiurban,0,Rejected
LP001142,Jordan Smith,2025-05-29,777.0,7190.0,1100.0,195100.0,180,0.435,1.3,Self-Employed,Semiurban,0,Approved
LP001120,Casey Moore,2025-09-17,--,6950.0,0.0,259800.0,360,0.205,10.0,Self-Employed,Urban,0,Rejected
LP000802,Sam Hernandez,2025-12-19,616.0,10790.0,1960.0,202300.0,240,0.561,1.9,Contract,Rural,0,Rejected
LP000513,Quinn Gonzalez,2025-07-15,640.0,6250.0,0.0,90400.0,360,0.33,3.4,Salaried,Urban,0,Approved
LP000634,Alex Jones,2025-03-18,624.0,9060.0,10230.0,175800.0,180,0.362,17.0,Self-Employed,Urban,1,Approved
LP001922,Rowan Jones,2026-06-21,724.0,5320.0,0.0,243500.0,360,0.316,1.4,Self-Employed,Urban,NA,Rejected
LP001788,Pat Taylor,2025-06-11,596.0,4540.0,0.0,105100.0,360,0.412,2.9,Salaried,Rural,1,Approved
LP001546,Chris Martin,2025-05-20,700.0,12930.0,0.0,228200.0,360,0.367,4.9,Salaried,Semiurban,0,Approved
LP001151,Jamie Garcia,2025-03-23,576.0,3450.0,0.0,113900.0,360,0.405,1.8,Salaried,Semiurban,1,Rejected
LP000791,Reese Taylor,2025-05-07,697.0,6050.0,5010.0,139200.0,240,0.505,11.3,Salaried,Rural,2,Approved
LP000117,Jamie Brown,2026-01-19,657.0,1450.0,8280.0,141300.0,180,0.412,2.1,Salaried,Semiurban,2,Approved
LP000741,Dakota Martinez,2025-07-02,504.0,2960.0,0.0,265500.0,360,0.398,4.7,Self-Employed,Semiurban,0,Rejected
LP001691,Riley Hernandez,2026-07-09,710.0,3830.0,1880.0,249200.0,360,0.308,2.8,Self-Employed,Semiurban,0,Approved
LP001082,Peyton Thomas,2026-02-23,630.0,3540.0,0.0,20000.0,360,0.051,0.8,Salaried,Semiurban,0,Approved
LP000831,Riley Moore,2025-08-29,546.0,7610.0,5710.0,226700.0,240,0.184,5.0,Unemployed,Rural,1,Rejected
LP000120,Reese Jones,2026-09-16,724.0,7810.0,0.0,166500.0,180,0.428,1.9,Salaried,Rural,0,Approved
LP000657,Rowan Jackson,2025-02-22,661.0,3630.0,2030.0,63500.0,240,0.41,0.3,Salaried,Semiurban,2,Approved
LP001908,Peyton Johnson,2026-02-13,564.0,6610.0,0.0,209400.0,240,0.341,2.0,Self-Employed,Urban,3+,Rejected
LP000636,Riley Jackson,2025-06-27,519.0,3590.0,0.0,280900.0,360,0.315,0.3,Unemployed,Semiurban,?,Rejected
LP000370,Riley Wilson,2026-09-29,594.0,2840.0,1650.0,284400.0,240,0.464,1.7,Salaried,Urban,0,Rejected
LP000269,Riley Brown,2026-02-18,623.0,14040.0,0.0,105200.0,,0.233,0.1,Contract,Urban,0,Approved
LP000656,Sam Rodriguez,2026-09-04,665.0,4480.0,2000.0,328900.0,360,0.389,1.6,Unemployed,Urban,0,Rejected
LP000936,Riley Lopez,2025-02-10,617.0,3830.0,7130.0,237700.0,360,0.372,3.2,Salaried,Semiurban,1,Approved
LP000823,Rowan Gonzalez,2025-09-14,850.0,4500.0,0.0,139500.0,360,0.3,9.9,Salaried,Semiurban,0,Approved
LP000867,Dakota Brown,2025-04-22,684.0,6250.0,0.0,181500.0,360,0.227,8.1,Self-Employed,Rural,0,Approved
LP000047,Jamie Miller,2025-06-27,621.0,4850.0,0.0,155500.0,360,0.248,1.4,Salaried,Rural,0,Rejected
LP001374,Avery Davis,2025-03-03,523.0,5590.0,0.0,151800.0,360,0.645,9.6,Salaried,Rural,0,Rejected
LP001709,Quinn Miller,2026-05-25,649.0,5330.0,0.0,170200.0,360,0.385,3.1,Salaried,Semiurban,0,Rejected
LP000992,Avery Martin,2025-05-11,486.0,3890.0,0.0,111300.0,180,0.514,2.4,Salaried,Urban,2,Rejected
LP000877,Sam Martinez,2025-03-19,616.0,9170.0,1500.0,264100.0,360,0.38,2.3,Salaried,Rural,2,Approved
LP000774,Reese Anderson,2026-02-09,743.0,10310.0,0.0,66000.0,120,0.422,4.3,Salaried,Urban,0,Approved
LP001220,Riley Smith,2026-07-05,842.0,3990.0,0.0,205900.0,360,,0.0,Salaried,Urban,1,Rejected
LP001495,Cameron Jackson,2026-03-29,791.0,6960.0,720.0,214700.0,180,0.325,0.1,Salaried,null,0,Approved
LP000005,Taylor Jackson,2025-02-09,640.0,3650.0,3690.0,161300.0,360,0.417,1.2,Self-Employed,Rural,0,Rejected
LP001004,Alex Thomas,2025-07-04,605.0,10510.0,1090.0,273200.0,180,0.197,2.6,Salaried,Semiurban,0,Approved
LP001724,Logan Anderson,2025-02-02,712.0,7410.0,0.0,283400.0,360,0.27,4.9,Salaried,Semiurban,0,Rejected
LP000264,Sam Smith,2025-12-17,573.0,3920.0,1300.0,180600.0,240,0.216,5.4,Salaried,Semiurban,,Approved
LP001570,Alex Williams,2025-04-03,615.0,1620.0,0.0,222000.0,360,0.285,0.0,Salaried,Urban,,Rejected
LP001831,Cameron Jackson,2026-08-09,720.0,4560.0,0.0,71200.0,120,0.249,0.7,Salaried,Semiurban,0,Approved
LP000444,Reese Martinez,2025-08-17,652.0,3550.0,,201300.0,360,0.263,13.1,Salaried,Urban,2,Approved
LP001003,Dakota Martin,2025-09-22,665.0,6210.0,1000.0,186900.0,360,0.314,1.4,Salaried,Rural,0,Approved
LP001078,Alex Martin,2025-03-27,624.0,6150.0,0.0,181800.0,120,0.23,0.6,Self-Employed,Urban,0,Rejected
LP000838,Dakota Garcia,2026-05-13,,2570.0,4360.0,26400.0,360,NA,8.8,Contract,Urban,0,Approved
LP001791,Logan Thomas,2026-03-30,,3440.0,0.0,97600.0,360,0.26,10.2,Salaried,Urban,0,Rejected
LP000305,Jamie Gonzalez,2026-06-17,658.0,2630.0,1730.0,254600.0,240,0.376,6.6,Salaried,Semiurban,1,Rejected
LP001366,Cameron Hernandez,2025-11-04,647.0,6050.0,5650.0,128000.0,360,0.274,1.0,Contract,Urban,0,Approved
LP001558,Sam Jones,2025-06-05,592.0,4770.0,8560.0,348100.0,360,0.323,5.3,Self-Employed,Urban,0,Rejected
LP000314,Casey Gonzalez,2025-05-01,729.0,2880.0,0.0,168000.0,360,0.246,9.4,Salaried,Urban,2,Rejected
LP000150,Riley Jackson,2026-08-09,?,7400.0,0.0,26300.0,360,0.188,1.5,Self-Employed,Semiurban,0,Approved
LP001149,Reese Rodriguez,2025-08-16,796.0,4610.0,0.0,255800.0,360,0.29,12.7,Salaried,Urban,0,Rejected
LP001214,Cameron Gonzalez,2026-05-31,736.0,3470.0,0.0,190200.0,360,0.506,1.8,Self-Employed,?,3+,Rejected
LP000575,Taylor Martinez,2026-05-07,730.0,7790.0,2150.0,281400.0,360,0.311,8.2,Self-Employed,Urban,0,Approved
LP000051,Riley Moore,2025-09-13,688.0,3510.0,0.0,183000.0,360,0.519,15.9,Self-Employed,Semiurban,0,Rejected
LP001553,Avery Martinez,2026-09-30,585.0,5030.0,2070.0,181700.0,360,0.318,0.6,Self-Employed,Semiurban,0,Rejected
LP000727,Sam Rodriguez,2026-03-11,662.0,5850.0,2220.0,177100.0,360,0.291,6.1,Salaried,Urban,0,Approved
LP000834,Logan Jackson,2026-09-27,595.0,2920.0,0.0,106600.0,null,0.425,7.0,Unemployed,Semiurban,0,Rejected
LP001378,Cameron Hernandez,2025-04-09,748.0,3660.0,0.0,202100.0,180,0.323,26.3,NA,,0,Rejected
LP001116,Taylor Lopez,2026-01-15,691.0,5770.0,1960.0,null,180,0.439,3.2,Self-Employed,Semiurban,1,Rejected
LP001167,Peyton Jackson,2025-10-20,778.0,4460.0,1800.0,186100.0,360,NA,2.9,Salaried,Urban,3+,Rejected
LP000471,Cameron Taylor,2025-11-08,637.0,8300.0,0.0,330200.0,480,0.302,7.8,Self-Employed,,0,Rejected
LP000972,Avery Gonzalez,2025-06-03,602.0,7130.0,1500.0,138200.0,480,0.297,1.3,Salaried,Semiurban,2,Approved
LP000654,Jamie Martin,2025-06-07,566.0,2710.0,2640.0,238900.0,360,0.384,12.9,Contract,Urban,2,Rejected
LP000400,Quinn Brown,2025-01-30,765.0,4040.0,5530.0,109500.0,180,0.3,1.9,Self-Employed,Urban,0,Approved
LP000512,Jordan Hernandez,2026-04-14,656.0,7120.0,0.0,259500.0,480,0.208,3.5,Contract,Semiurban,3+,Approved
LP000321,Kendall Johnson,2025-07-24,668.0,5850.0,0.0,246900.0,360,0.322,5.3,Salaried,Urban,0,Rejected
LP000020,Morgan Lopez,2025-08-22,540.0,8660.0,0.0,282400.0,360,0.397,1.1,Salaried,Semiurban,0,Rejected
LP000685,Peyton Taylor,2025-08-12,556.0,11500.0,0.0,113900.0,360,0.392,0.9,Self-Employed,Semiurban,0,Approved
LP000036,Casey Williams,2025-02-27,556.0,6350.0,0.0,47800.0,360,3.16,0.8,Salaried,Semiurban,1,Approved
LP000903,Jamie Martinez,2026-02-11,662.0,2830.0,1870.0,240500.0,360,?,0.0,Self-Employed,Urban,0,Rejected
LP001779,Reese Jones,2026-04-15,624.0,2700.0,1140.0,284800.0,180,0.486,0.8,Self-Employed,Semiurban,1,Rejected
LP000828,Logan Davis,2025-12-05,616.0,4360.0,0.0,63000.0,360,0.204,0.2,Salaried,Semiurban,2,Approved
LP001854,Alex Rodriguez,2025-06-27,738.0,5320.0,2380.0,170100.0,360,0.45,1.0,Salaried,Urban,2,Approved
LP000408,Quinn Williams,2025-03-06,648.0,5280.0,5810.0,132200.0,240,0.252,2.5,Self-Employed,Semiurban,2,Approved
LP000921,Morgan Williams,2025-08-13,751.0,3570.0,0.0,289000.0,360,0.508,2.2,Self-Employed,Urban,1,Rejected
LP000538,Logan Lopez,2025-04-17,150.0,4800.0,5090.0,145700.0,360,0.503,0.4,Self-Employed,Rural,0,Rejected
LP000759,Sam Rodriguez,2026-09-26,587.0,4120.0,2410.0,58700.0,360,0.499,3.6,Contract,Semiurban,1,Approved
LP001905,Casey Anderson,2026-02-13,,4090.0,0.0,194800.0,480,0.241,1.6,Self-Employed,Semiurban,3+,Rejected
LP001063,Quinn Taylor,2025-02-14,758.0,2580.0,4340.0,162300.0,180,0.312,1.1,Self-Employed,Semiurban,0,Approved
LP001200,Jordan Moore,2025-08-20,776.0,?,3180.0,212300.0,360,0.431,2.0,Salaried,Rural,0,Approved
LP000246,Dakota Jackson,2025-05-13,632.0,3530.0,2470.0,243300.0,480,0.342,12.9,Salaried,Rural,0,Approved
LP001417,Avery Hernandez,2025-03-23,665.0,3780.0,0.0,141400.0,480,0.317,6.1,Salaried,Semiurban,0,Approved
LP001128,Jamie Thomas,2026-04-03,596.0,6480.0,4760.0,117100.0,180,0.255,19.7,Unemployed,Semiurban,0,Rejected
LP000785,Skyler Jones,2025-11-02,708.0,13270.0,1430.0,47400.0,360,0.497,3.2,Self-Employed,Semiurban,0,Approved
LP001743,Logan Miller,2025-08-02,666.0,9040.0,2210.0,231100.0,360,0.358,1.2,Salaried,Semiurban,2,Approved
LP000490,Avery Taylor,2025-08-16,735.0,2200.0,1260.0,234400.0,360,0.291,12.8,Self-Employed,Semiurban,1,Rejected
LP000155,Jamie Rodriguez,2026-05-03,685.0,2710.0,0.0,140300.0,360,0.372,1.6,Self-Employed,Urban,0,Rejected
LP000962,Chris Lopez,2025-01-07,773.0,5880.0,2440.0,178800.0,240,0.19,7.2,Unemployed,Semiurban,0,Approved
LP000854,Cameron Williams,2025-08-15,761.0,2970.0,4500.0,136600.0,360,0.28,4.3,Self-Employed,Rural,3+,Approved
LP001312,Riley Williams,2025-11-20,730.0,5030.0,1930.0,195100.0,360,0.211,6.6,Contract,Semiurban,0,Approved
LP000626,Kendall Miller,2026-08-26,617.0,2820.0,0.0,222800.0,480,0.284,2.2,Self-Employed,Semiurban,--,Rejected
LP000686,Pat Jones,2026-09-26,721.0,8400.0,0.0,186800.0,480,0.149,1.1,Self-Employed,Semiurban,0,Approved
LP001562,Sam Jackson,2025-07-10,596.0,3170.0,4350.0,318100.0,360,0.383,3.2,Salaried,Rural,0,Rejected
LP000570,Casey Jones,2026-07-10,630.0,3210.0,1210.0,180700.0,360,0.279,9.5,Self-Employed,Semiurban,3+,Rejected
LP001909,Sam Brown,2026-05-29,559.0,3420.0,2470.0,181500.0,360,0.464,10.5,Salaried,Rural,3+,Rejected
LP000018,Jamie Brown,2026-05-19,687.0,4560.0,7050.0,190700.0,180,0.415,0.1,Salaried,Urban,2,Rejected
LP000128,Chris Wilson,2025-11-29,612.0,8970.0,0.0,121800.0,360,0.322,15.1,Salaried,Urban,0,Approved
LP001347,Quinn Rodriguez,2025-04-13,443.0,11360.0,0.0,416800.0,360,0.355,15.0,Salaried,Urban,2,Rejected
LP001280,Pat Gonzalez,2025-01-07,634.0,4820.0,0.0,189500.0,360,0.324,0.6,Salaried,Semiurban,0,Rejected
LP000439,Sam Williams,2025-09-04,515.0,7670.0,1650.0,146300.0,480,0.337,6.8,Salaried,Semiurban,2,Approved
LP000928,Rowan Wilson,2025-02-13,692.0,3520.0,970.0,323400.0,360,0.201,7.8,Contract,Semiurban,3+,Rejected
LP000981,Chris Jones,2025-04-27,727.0,7590.0,0.0,229100.0,360,0.473,2.8,Contract,Semiurban,2,Rejected
LP001603,Taylor Davis,2026-04-17,605.0,5850.0,3300.0,172600.0,360,0.385,,Salaried,Urban,0,Approved
LP000191,Kendall Johnson,2026-05-28,622.0,5340.0,2010.0,98600.0,360,0.171,0.9,Contract,Urban,0,Approved
LP001140,Cameron Thomas,2025-01-06,720.0,5280.0,0.0,264700.0,120,0.429,2.1,Contract,Rural,0,Rejected
LP000993,Kendall Williams,2026-08-11,639.0,6770.0,0.0,198700.0,120,0.333,11.4,,Semiurban,3+,Approved
LP000433,Reese Williams,2026-04-26,637.0,5840.0,0.0,191600.0,360,0.251,6.7,Self-Employed,Semiurban,2,Rejected
LP001657,Taylor Martinez,2025-11-21,674.0,3330.0,0.0,182500.0,360,0.425,2.5,Salaried,Semiurban,0,Rejected
LP000607,Kendall Wilson,2026-07-29,594.0,1320.0,0.0,196500.0,240,0.222,1.3,Contract,Semiurban,0,Rejected
LP000181,Quinn Rodriguez,2026-04-20,713.0,6120.0,3630.0,?,240,0.389,0.1,Unemployed,Urban,0,Rejected
LP000302,Riley Rodriguez,2025-11-05,612.0,10460.0,2500.0,119600.0,480,0.318,6.8,Contract,Urban,0,Approved
LP000497,Sam Williams,2026-01-18,572.0,5690.0,0.0,135600.0,120,0.221,7.1,Salaried,Semiurban,1,Approved
LP001721,Casey Williams,2025-02-14,704.0,8220.0,0.0,154400.0,180,0.268,0.1,Unemployed,Rural,2,Rejected
LP001710,Kendall Davis,2026-07-19,577.0,14860.0,0.0,136700.0,360,0.311,0.8,Self-Employed,Semiurban,0,Approved
LP001888,Quinn Jones,2026-04-02,696.0,5940.0,5150.0,35600.0,360,0.323,7.6,Salaried,Semiurban,0,Approved
LP001344,Morgan Taylor,2025-05-15,761.0,5820.0,0.0,204000.0,180,0.307,2.3,Contract,Semiurban,NA,Approved
LP000518,Morgan Anderson,2026-08-26,577.0,5010.0,4910.0,171000.0,180,0.322,15.6,Salaried,Semiurban,0,Approved
LP001188,Kendall Taylor,2025-07-25,641.0,2950.0,10090.0,219600.0,180,0.378,2.5,Salaried,Rural,1,Approved
LP001070,Peyton Hernandez,2026-08-27,689.0,6480.0,0.0,204900.0,360,0.429,5.9,Unemployed,Semiurban,0,Rejected
LP000477,Reese Johnson,2026-01-08,NA,6540.0,2200.0,89500.0,180,0.488,7.9,Salaried,Urban,1,Approved
LP000158,Cameron Jones,2025-11-04,700.0,6760.0,0.0,21000.0,240,,4.5,Self-Employed,Semiurban,0,Approved
LP001244,Avery Jones,2026-07-03,574.0,3610.0,2630.0,269300.0,360,0.422,14.2,null,Semiurban,1,Rejected
LP001196,Reese Johnson,2026-08-20,697.0,6220.0,0.0,,360,0.316,0.1,Contract,Rural,1,Rejected
LP000017,Sam Miller,2025-10-15,574.0,4450.0,1090.0,284100.0,180,0.482,0.2,Salaried,Semiurban,1,Rejected
LP001536,Reese Moore,2026-06-14,524.0,3800.0,3370.0,212500.0,480,0.267,6.1,Salaried,Urban,0,Rejected
LP001073,Peyton Martinez,2026-03-12,667.0,4000.0,3180.0,113600.0,360,0.552,2.9,Contract,Semiurban,0,Rejected
LP000100,Riley Smith,2026-09-15,640.0,5310.0,2280.0,153500.0,240,0.332,7.1,Self-Employed,Rural,1,Approved
LP000547,Sam Davis,2025-09-12,709.0,4270.0,6580.0,112000.0,240,0.32,3.7,Self-Employed,Rural,0,Approved
LP001540,Reese Rodriguez,2026-06-29,416.0,2210.0,4010.0,241900.0,360,0.278,0.9,Unemployed,Semiurban,0,Rejected
LP000659,Cameron Martin,2025-11-05,677.0,7700.0,0.0,173700.0,360,0.228,?,Salaried,Rural,0,Approved
LP001626,Alex Martinez,2025-11-29,752.0,5670.0,870.0,93300.0,360,0.425,10.3,Salaried,Rural,2,Approved
LP001020,Reese Brown,2026-09-08,696.0,5630.0,2990.0,177200.0,360,0.553,8.3,Salaried,Semiurban,0,Approved
LP001663,Jordan Martinez,2026-01-22,480.0,4490.0,0.0,210200.0,360,0.28,9.2,Self-Employed,Rural,0,Rejected
LP001505,Sam Taylor,2025-05-20,646.0,1140.0,4140.0,310300.0,360,0.367,9.0,Salaried,Urban,1,Rejected
LP000960,Kendall Martinez,2026-05-09,698.0,9210.0,0.0,,360,0.288,4.7,Salaried,Urban,2,Approved
LP001882,Dakota Moore,2025-12-01,797.0,3770.0,0.0,292000.0,360,0.372,0.9,Salaried,Rural,2,Rejected
LP000284,Jamie Hernandez,2026-07-02,555.0,144400.0,0.0,229700.0,360,0.461,2.0,Self-Employed,Semiurban,0,Rejected
LP000798,Taylor Hernandez,2026-07-15,718.0,2760.0,3090.0,294600.0,360,0.182,9.5,Salaried,Semiurban,1,Approved
LP001627,Pat Taylor,2025-01-16,622.0,3240.0,2080.0,164800.0,360,0.332,3.6,Salaried,Semiurban,3+,Rejected
LP000226,Morgan Gonzalez,2026-03-16,753.0,13970.0,1500.0,125200.0,480,0.369,0.7,Salaried,Semiurban,0,Approved
LP000027,Logan Jackson,2026-09-12,562.0,8620.0,0.0,151800.0,360,0.282,3.5,Salaried,Rural,2,Approved
LP001771,Reese Johnson,2026-08-07,664.0,8090.0,2650.0,229400.0,360,0.326,3.0,Salaried,Rural,1,Rejected
LP000438,Sam Rodriguez,2025-11-25,543.0,3100.0,1610.0,112800.0,360,0.237,3.3,Contract,Semiurban,0,Approved
LP001949,Jordan Garcia,2025-08-28,756.0,6090.0,0.0,196900.0,360,0.493,NA,Unemployed,Rural,3+,Rejected
LP001389,Taylor Lopez,2026-02-26,663.0,6320.0,2440.0,183900.0,360,0.155,3.4,Salaried,,0,Approved
LP000230,Skyler Moore,2026-01-28,718.0,4930.0,1630.0,176300.0,360,0.251,6.3,Salaried,Urban,2,Approved
LP000038,Kendall Davis,2025-06-12,493.0,6360.0,2830.0,111600.0,360,0.28,2.7,Salaried,Urban,1,Rejected
LP000750,Taylor Gonzalez,2026-04-07,540.0,9550.0,0.0,201100.0,360,0.483,1.8,Salaried,Semiurban,1,Rejected
LP001046,Jordan Jackson,2026-05-03,735.0,5110.0,3530.0,177600.0,180,0.434,4.7,Self-Employed,Rural,2,Approved
LP001399,Sam Rodriguez,2025-12-30,762.0,6900.0,2200.0,266800.0,360,0.148,0.1,Self-Employed,Urban,0,Approved
LP000470,Jamie Brown,2026-09-26,611.0,2530.0,0.0,155500.0,360,0.298,11.8,Self-Employed,Semiurban,3+,Rejected
LP001693,Jamie Rodriguez,2026-04-10,NA,3000.0,1830.0,60200.0,120,0.24,3.9,Salaried,Semiurban,0,Approved
LP001609,Sam Williams,2025-11-16,687.0,4640.0,620.0,294300.0,180,0.326,1.7,Self-Employed,Semiurban,2,Rejected
LP000688,Morgan Lopez,2026-05-02,628.0,7870.0,1480.0,249400.0,360,0.238,12.1,Salaried,Semiurban,2,Approved
LP001844,Peyton Johnson,2025-09-20,668.0,4360.0,0.0,--,360,0.359,0.5,Salaried,Semiurban,0,Approved
LP000640,Dakota Taylor,2025-02-11,550.0,4760.0,,253300.0,360,0.359,5.5,Salaried,Semiurban,2,Rejected
LP001713,Riley Moore,2025-10-17,475.0,5920.0,0.0,93300.0,360,0.28,6.7,Self-Employed,Urban,0,Rejected
LP001219,Skyler Jones,2025-09-21,589.0,4680.0,0.0,99900.0,360,0.409,13.3,,Semiurban,0,Approved
LP001159,Taylor Gonzalez,2026-09-04,743.0,6160.0,0.0,204900.0,180,0.393,?,Salaried,Semiurban,0,Approved
LP001416,Rowan Jones,2025-03-15,739.0,13050.0,3170.0,43800.0,360,0.208,null,Salaried,Semiurban,3+,Approved
LP001528,Kendall Martinez,2025-06-17,791.0,1720.0,0.0,64700.0,360,0.3,7.4,Self-Employed,Rural,0,Approved
LP001656,Cameron Jackson,2025-08-27,635.0,3310.0,NA,209600.0,360,0.483,0.3,Salaried,Semiurban,0,Rejected
LP001301,Kendall Hernandez,2026-05-05,603.0,6650.0,6690.0,--,--,0.146,4.4,Salaried,Semiurban,0,Approved
LP001823,Rowan Miller,2025-08-08,641.0,3320.0,4600.0,143200.0,360,0.282,4.0,Salaried,Urban,0,Approved
LP000801,Casey Martin,2025-08-04,740.0,11820.0,0.0,20000.0,360,0.217,4.8,Salaried,Urban,0,Approved
LP001604,Cameron Williams,2025-04-07,592.0,17250.0,0.0,242000.0,360,0.488,4.3,Self-Employed,Semiurban,1,Rejected
LP000161,Alex Anderson,2025-07-05,577.0,3740.0,1750.0,225700.0,360,,8.2,Contract,Rural,2,Rejected
LP000957,Reese Williams,2025-12-28,689.0,3990.0,0.0,107200.0,360,0.268,3.7,Self-Employed,,2,Rejected
LP001187,Morgan Johnson,2026-08-24,576.0,7910.0,0.0,272300.0,180,0.349,?,Salaried,Urban,0,Rejected
LP000822,Rowan Jones,2025-03-10,780.0,3380.0,1970.0,272800.0,480,0.303,1.8,Salaried,Urban,1,Approved
LP001682,Morgan Jackson,2026-09-06,658.0,3580.0,0.0,null,180,0.411,2.3,Salaried,Urban,1,Rejected
LP000878,Dakota Smith,2025-01-20,679.0,4760.0,0.0,197200.0,180,0.184,0.8,Self-Employed,Urban,0,Rejected
LP000914,Quinn Thomas,2025-07-03,794.0,6910.0,0.0,344300.0,,0.373,1.2,Self-Employed,Urban,2,Rejected
LP000153,Dakota Jackson,2025-08-16,602.0,3180.0,6540.0,186600.0,180,0.362,3.7,Salaried,Urban,3+,Approved
LP001871,Jamie Garcia,2026-09-09,566.0,4020.0,1640.0,119500.0,360,0.469,6.5,Self-Employed,Semiurban,0,Approved
LP001777,Pat Garcia,2026-08-14,608.0,6300.0,0.0,203500.0,180,0.17,0.2,Salaried,Semiurban,1,Approved
LP000510,Peyton Gonzalez,2026-02-07,589.0,6220.0,9310.0,159900.0,480,0.347,2.9,Contract,Semiurban,2,Approved
LP001136,Peyton Davis,2026-09-21,742.0,5740.0,3730.0,197400.0,360,0.346,3.4,Contract,Urban,0,Approved
LP001251,Jordan Lopez,2025-12-17,688.0,5390.0,NA,80400.0,NA,0.379,2.6,Salaried,Semiurban,0,Approved
LP001684,Skyler Smith,2025-06-14,688.0,7130.0,1380.0,120900.0,360,0.2,,Salaried,Rural,1,Approved
LP000104,Taylor Taylor,2026-01-21,592.0,4220.0,0.0,156600.0,360,0.375,1.1,Salaried,Urban,2,Rejected
LP001446,Chris Martin,2025-03-07,605.0,2460.0,0.0,77500.0,360,0.392,2.0,Salaried,Urban,0,Rejected
LP001444,Taylor Brown,2025-04-16,550.0,4730.0,1860.0,131300.0,480,0.425,2.2,Self-Employed,Urban,1,Rejected
LP000587,Logan Williams,2025-05-29,621.0,8010.0,0.0,257300.0,480,0.276,8.8,Salaried,Rural,0,Approved
LP001769,Taylor Hernandez,2026-06-23,670.0,4490.0,0.0,141300.0,240,0.205,4.0,Salaried,Urban,2,Approved
LP001144,Rowan Brown,2026-09-07,671.0,6060.0,1840.0,103800.0,240,0.298,12.6,Salaried,Rural,0,Approved
LP000054,Peyton Gonzalez,2025-02-21,712.0,4210.0,0.0,110700.0,360,0.241,1.3,Self-Employed,Semiurban,1,Approved
LP000152,Rowan Williams,2025-12-18,689.0,3130.0,4510.0,226200.0,360,0.442,6.3,Contract,Rural,3+,Rejected
LP000404,Jamie Garcia,2025-04-26,664.0,2480.0,3990.0,375500.0,360,0.428,2.8,Self-Employed,Semiurban,0,Rejected
LP001943,Peyton Brown,2025-12-25,683.0,3290.0,1930.0,187300.0,360,0.405,5.8,Salaried,Rural,0,Rejected
LP000208,Jordan Thomas,2025-03-24,704.0,4190.0,1330.0,241300.0,360,0.506,3.9,Salaried,Rural,2,Rejected
LP001895,Chris Martinez,2025-10-24,652.0,10990.0,3240.0,131100.0,360,0.351,20.6,Salaried,Rural,0,Approved
LP001123,Peyton Davis,2025-12-19,714.0,5440.0,0.0,322100.0,240,0.395,2.6,Salaried,Rural,1,Rejected
LP001891,Taylor Martinez,2026-06-01,706.0,3610.0,3570.0,292200.0,360,0.291,8.4,Salaried,Urban,0,Rejected
LP000009,Skyler Martin,2025-02-20,620.0,8330.0,0.0,212900.0,360,0.265,1.7,Salaried,Rural,2,Approved
LP001015,Jamie Lopez,2026-04-28,808.0,9060.0,3910.0,117200.0,360,0.338,4.9,Salaried,Semiurban,0,Approved
LP001907,Riley Rodriguez,2025-03-29,526.0,2450.0,2390.0,212100.0,180,0.072,5.4,Salaried,Rural,0,Rejected
LP001061,Jordan Johnson,2026-03-07,726.0,4690.0,2600.0,120300.0,360,0.31,0.9,Salaried,Semiurban,0,Approved
LP000453,Peyton Jackson,2026-04-04,576.0,3740.0,3650.0,228100.0,360,0.396,6.7,Salaried,Semiurban,0,Rejected
LP000254,Taylor Davis,2025-02-16,748.0,2570.0,2510.0,232800.0,360,0.44,5.0,Salaried,Semiurban,2,Rejected
LP001328,Riley Miller,2026-04-28,648.0,5260.0,0.0,210700.0,360,0.352,7.5,Self-Employed,Rural,0,Rejected
LP000897,Reese Thomas,2025-10-25,646.0,3660.0,0.0,364500.0,?,0.351,8.9,Salaried,Urban,,Rejected
LP001734,Jamie Anderson,2026-06-23,634.0,9090.0,0.0,155700.0,360,0.387,1.6,Unemployed,Semiurban,3+,Rejected
LP000881,Dakota Garcia,2026-08-19,850.0,2100.0,2180.0,141100.0,360,0.257,29.3,Salaried,Semiurban,0,Approved
LP001596,Quinn Williams,2025-05-05,574.0,5750.0,0.0,111500.0,480,0.392,1.8,Contract,Rural,0,Rejected
LP001889,Jordan Lopez,2026-09-02,620.0,3030.0,0.0,314000.0,360,0.466,5.6,Contract,Semiurban,0,Rejected
LP000624,Sam Jackson,2025-08-19,774.0,?,4080.0,233600.0,120,0.344,5.4,Contract,Rural,0,Approved
LP000346,Jamie Smith,2025-04-14,680.0,6380.0,0.0,72600.0,360,?,2.0,Self-Employed,Rural,3+,Approved
LP001703,Reese Smith,2025-11-25,714.0,6140.0,0.0,169400.0,360,0.426,3.9,Salaried,Semiurban,0,Approved
LP000263,Cameron Davis,2025-05-18,384.0,7640.0,0.0,146800.0,180,0.368,2.6,Salaried,Semiurban,0,Rejected
LP001635,Skyler Smith,2025-02-13,632.0,5090.0,2810.0,164000.0,120,0.349,2.5,Salaried,Urban,0,Approved
LP001322,Skyler Rodriguez,2025-09-23,705.0,3180.0,1540.0,135900.0,180,0.43,0.9,Salaried,Rural,2,Rejected
LP001439,Peyton Gonzalez,2025-09-15,702.0,7560.0,0.0,--,360,0.514,0.8,Unemployed,Semiurban,3+,Rejected
LP000151,Rowan Johnson,2025-07-14,681.0,,0.0,274600.0,360,0.426,1.4,Self-Employed,Semiurban,1,Rejected
LP000473,Reese Wilson,2026-07-30,531.0,4380.0,2230.0,207000.0,240,0.361,1.2,?,Urban,0,Rejected
LP000641,Morgan Williams,2026-03-15,631.0,9120.0,0.0,20000.0,480,0.283,14.2,Salaried,Urban,2,Approved
LP001274,Pat Thomas,2025-06-09,633.0,6960.0,0.0,169700.0,480,0.42,6.3,Salaried,Urban,0,Approved
LP001883,Kendall Rodriguez,2026-05-30,555.0,8250.0,2790.0,225800.0,360,0.176,1.9,Self-Employed,Semiurban,3+,Rejected
LP000551,Avery Moore,2025-10-29,667.0,6540.0,?,225600.0,360,0.327,1.1,Self-Employed,Rural,0,Approved
LP001780,Jordan Martin,2026-03-14,601.0,1540.0,4880.0,269300.0,180,0.213,8.3,Salaried,Rural,3+,Rejected
LP000929,Casey Johnson,2025-07-31,793.0,5690.0,0.0,131900.0,120,0.35,4.2,Salaried,,1,Approved
LP000489,Sam Thomas,2025-04-10,803.0,3950.0,0.0,93300.0,360,0.483,0.3,Self-Employed,Semiurban,0,Approved
LP001812,Logan Jackson,2025-01-01,672.0,4890.0,0.0,44400.0,360,0.192,12.1,Salaried,Semiurban,2,Approved
LP001172,Chris Gonzalez,2026-06-13,684.0,3620.0,0.0,124300.0,180,0.431,0.8,--,Semiurban,2,Rejected
LP000147,Rowan Williams,2026-02-02,555.0,6870.0,1630.0,256200.0,240,0.217,6.5,Salaried,Urban,0,Rejected
LP001705,Avery Jackson,2026-07-06,695.0,5300.0,0.0,283200.0,360,0.506,3.9,Contract,Semiurban,2,Rejected
LP001929,Sam Martin,2026-08-13,754.0,2280.0,1190.0,196500.0,180,0.509,11.1,Salaried,Urban,0,Rejected
LP000403,Quinn Anderson,2026-05-15,660.0,6920.0,0.0,188100.0,360,0.421,4.8,Contract,Rural,1,Rejected
LP000955,Sam Williams,2026-06-13,653.0,2300.0,0.0,257400.0,180,0.518,4.2,Salaried,Urban,0,Rejected
LP001878,Rowan Wilson,2025-11-23,642.0,6270.0,0.0,97800.0,180,0.307,5.4,Salaried,Urban,1,Approved
LP000660,Skyler Martinez,2026-05-18,648.0,9300.0,2380.0,349100.0,360,0.39,1.9,Salaried,Semiurban,0,Rejected
LP001373,Taylor Martin,2025-06-17,543.0,2270.0,600.0,null,360,0.506,15.9,Salaried,Rural,3+,Rejected
LP000464,Chris Hernandez,2025-02-06,678.0,,0.0,150400.0,360,0.253,12.4,Salaried,Semiurban,1,Rejected
LP001350,Peyton Johnson,2026-07-23,641.0,8680.0,0.0,162500.0,360,0.333,4.7,Unemployed,Rural,1,Rejected
LP000187,Reese Moore,2026-09-28,700.0,5170.0,2210.0,153100.0,360,0.293,1.4,Salaried,Semiurban,3+,Approved
LP001148,Sam Taylor,2025-09-27,538.0,6580.0,1330.0,195900.0,240,0.371,4.9,Salaried,Urban,2,Rejected
LP001225,Riley Anderson,2026-07-31,644.0,2980.0,1760.0,226000.0,180,0.485,3.3,Contract,Semiurban,0,Rejected
LP000609,Dakota Brown,2025-09-01,509.0,5790.0,0.0,204400.0,480,0.352,3.5,Contract,Rural,0,Rejected
LP000144,Chris Johnson,2025-09-23,676.0,2780.0,0.0,213800.0,360,0.358,2.6,Salaried,Urban,1,Rejected
LP000752,Riley Hernandez,2026-03-20,545.0,8480.0,0.0,223900.0,180,0.253,0.1,Self-Employed,Urban,1,Rejected
LP001535,Kendall Johnson,2025-09-03,620.0,2970.0,0.0,168500.0,120,0.436,1.2,Salaried,Rural,0,Rejected
LP000982,Dakota Taylor,2026-05-09,null,3910.0,0.0,199300.0,180,0.394,2.0,Salaried,Semiurban,0,Rejected
LP000198,Riley Brown,2025-06-04,673.0,3250.0,4320.0,177700.0,180,0.391,1.4,Contract,Semiurban,0,Approved
LP001634,Rowan Williams,2025-01-10,748.0,2670.0,0.0,191200.0,360,,13.4,Self-Employed,Urban,0,Rejected
LP000884,Skyler Moore,2026-08-28,749.0,4290.0,0.0,173500.0,360,0.474,2.0,Salaried,Semiurban,0,Rejected
LP000280,Quinn Davis,2026-01-11,627.0,8130.0,7630.0,117000.0,240,0.309,2.4,Salaried,Rural,0,Approved
LP000294,Cameron Jackson,2026-01-25,732.0,2250.0,1700.0,158300.0,180,0.369,12.0,Salaried,Urban,0,Approved
LP001824,Sam Hernandez,2025-11-19,605.0,3360.0,0.0,158800.0,360,0.461,3.8,Contract,Semiurban,2,Rejected
LP000401,Alex Jackson,2025-05-14,524.0,8350.0,2120.0,151000.0,180,0.278,35.0,Salaried,Urban,0,Approved
LP000123,Riley Williams,2025-04-21,,5140.0,2200.0,236500.0,360,0.219,2.7,Salaried,Urban,2,Approved
LP001208,Jordan Williams,2025-06-29,604.0,5190.0,1110.0,20000.0,240,0.423,0.8,Self-Employed,Rural,0,Approved
LP000203,Dakota Smith,2026-08-07,752.0,4970.0,2670.0,177900.0,360,0.284,8.5,Salaried,Semiurban,1,Approved
LP001463,Logan Martinez,2025-10-18,642.0,13300.0,1160.0,174700.0,360,0.114,5.4,Salaried,Urban,1,Approved
LP000836,Avery Gonzalez,2025-07-18,680.0,4120.0,2650.0,198000.0,120,0.412,12.2,NA,Urban,0,Approved
LP000247,Rowan Hernandez,2025-04-16,620.0,6080.0,2720.0,262600.0,360,0.459,6.4,Salaried,Rural,2,Rejected
LP001440,Kendall Taylor,2025-03-23,722.0,5270.0,1100.0,200100.0,360,0.394,6.6,Salaried,Rural,2,Approved
LP001754,Casey Garcia,2025-09-30,504.0,3230.0,0.0,200500.0,360,0.393,10.9,Contract,Urban,1,Rejected
LP001902,Logan Gonzalez,2026-08-09,632.0,6290.0,3770.0,188000.0,240,0.422,0.4,Salaried,Urban,1,Rejected
LP001708,Logan Jackson,2026-06-21,821.0,1730.0,0.0,329400.0,180,0.236,8.0,Contract,Urban,3+,Rejected
LP001881,Pat Miller,2025-06-03,742.0,4440.0,1860.0,35600.0,360,null,2.8,Salaried,Semiurban,0,Approved
LP001154,Jamie Martinez,2026-01-29,548.0,8390.0,970.0,283700.0,360,0.399,0.1,Salaried,Semiurban,0,Rejected
LP001662,Rowan Martin,2025-01-22,650.0,5200.0,6680.0,202200.0,180,0.459,0.7,Salaried,Rural,1,Approved
LP001427,Pat Jackson,2025-10-05,835.0,4270.0,--,115000.0,360,0.272,5.1,Salaried,Rural,3+,Approved
LP000385,Morgan Miller,2025-04-26,595.0,7670.0,570.0,290100.0,360,0.077,4.2,Self-Employed,Semiurban,1,Approved
LP001759,Morgan Jones,2025-03-21,797.0,6080.0,2060.0,134200.0,180,0.543,3.5,Contract,Semiurban,1,Approved
LP000855,Logan Davis,2026-03-23,781.0,4690.0,0.0,259200.0,240,0.403,0.8,Contract,Semiurban,2,Rejected
LP001590,Taylor Lopez,2026-04-27,667.0,4540.0,2520.0,2077000.0,,0.568,0.9,,Semiurban,3+,Rejected
LP000220,Chris Jackson,2025-06-12,667.0,6210.0,4290.0,199100.0,360,0.383,0.9,Salaried,Urban,0,Approved
LP000642,Quinn Anderson,2025-10-13,802.0,3910.0,990.0,137600.0,360,0.211,1.1,Salaried,Semiurban,2,Approved
LP000002,Casey Davis,2026-09-26,648.0,9240.0,0.0,209700.0,360,0.411,5.0,Contract,Urban,2,Rejected
LP000113,Logan Wilson,2026-08-22,665.0,5970.0,5090.0,134800.0,360,0.444,10.3,Salaried,Urban,0,Approved
LP000699,Alex Garcia,2025-11-25,,4950.0,1500.0,206900.0,180,0.449,1.7,Salaried,Semiurban,0,Approved
LP001916,Quinn Jackson,2026-05-15,614.0,3410.0,0.0,,360,0.147,7.0,Salaried,Rural,0,Approved
LP000952,Pat Martin,2025-09-15,690.0,3980.0,1030.0,265800.0,360,0.474,4.5,Salaried,Rural,,Rejected
LP001649,Taylor Moore,2025-03-03,761.0,5810.0,3410.0,202100.0,,0.35,0.3,Self-Employed,Urban,0,Approved
LP001637,Sam Gonzalez,2026-05-02,579.0,3470.0,1940.0,52500.0,480,0.197,4.3,Contract,Urban,0,Approved
LP001886,Jordan Gonzalez,2025-02-21,NA,4030.0,0.0,230500.0,240,0.268,0.1,Self-Employed,Rural,0,Rejected
LP001411,Avery Smith,2025-12-12,773.0,2760.0,0.0,21400.0,360,0.416,6.1,Contract,Urban,0,Approved
LP001410,Morgan Jones,2025-06-21,639.0,3010.0,2090.0,126700.0,360,0.303,7.4,Salaried,Semiurban,3+,Rejected
LP001534,Kendall Lopez,2026-03-09,647.0,4760.0,0.0,201200.0,360,0.36,3.1,Salaried,Rural,2,Rejected
LP001292,Peyton Davis,2026-06-08,850.0,20620.0,0.0,297700.0,360,0.356,0.5,Salaried,Semiurban,2,Approved
LP001809,Riley Jackson,2026-04-09,526.0,5650.0,1390.0,173300.0,180,0.398,2.0,Self-Employed,Urban,0,Rejected
LP000442,Peyton Martinez,2025-02-21,657.0,3090.0,2770.0,244000.0,180,0.219,12.4,Salaried,Semiurban,1,Approved
LP001521,Dakota Thomas,2026-01-18,764.0,4700.0,1100.0,171300.0,360,0.484,2.5,Salaried,Urban,0,Approved
LP001137,Kendall Johnson,2025-02-23,761.0,4780.0,5910.0,110400.0,360,0.313,0.6,Salaried,Rural,0,Approved
LP001716,Cameron Martinez,2025-11-26,652.0,2620.0,3250.0,191700.0,360,0.377,9.5,--,Semiurban,1,Rejected
LP001257,Quinn Davis,2025-12-29,802.0,3340.0,0.0,275600.0,360,0.467,10.8,Salaried,Semiurban,1,Rejected
LP001864,Morgan Thomas,2025-02-27,511.0,5160.0,1360.0,97000.0,180,0.332,6.9,Salaried,Semiurban,0,Approved
LP001632,Cameron Brown,2026-02-10,588.0,9560.0,3490.0,82600.0,180,0.252,0.1,Salaried,Rural,0,Approved
LP001696,Skyler Johnson,2026-01-24,825.0,2820.0,0.0,295700.0,360,0.315,2.6,Salaried,Urban,null,Rejected
LP001398,Cameron Garcia,2025-10-19,577.0,10890.0,2420.0,265700.0,360,0.273,4.2,Self-Employed,Rural,2,Approved
LP000664,Kendall Miller,2025-03-16,614.0,4900.0,0.0,250900.0,240,0.49,3.0,Self-Employed,Semiurban,0,Rejected
LP001836,Jamie Garcia,2025-12-31,691.0,3730.0,1650.0,270200.0,360,0.217,1.9,Salaried,Rural,0,Rejected
LP001258,Riley Martinez,2025-08-12,696.0,7440.0,0.0,94800.0,360,0.298,?,Contract,Semiurban,0,Approved
LP001774,Quinn Smith,2026-07-26,677.0,2010.0,0.0,223200.0,360,0.511,5.6,Contract,Urban,0,Rejected
LP001701,Avery Hernandez,2026-09-28,690.0,6030.0,0.0,171900.0,180,0.382,0.3,Salaried,Semiurban,2,Approved
LP000318,Casey Wilson,2026-05-25,634.0,5770.0,2760.0,74300.0,360,0.177,2.3,Self-Employed,Urban,2,Approved
LP000649,Alex Johnson,2025-01-06,640.0,8960.0,1090.0,58100.0,360,0.482,5.4,Salaried,--,0,Approved
LP001435,Casey Jones,2025-07-08,646.0,8540.0,2420.0,203500.0,180,0.418,6.7,Salaried,Semiurban,0,Approved
LP001480,Dakota Gonzalez,2026-07-07,623.0,8520.0,1430.0,43900.0,240,0.317,1.7,Salaried,Semiurban,0,Approved
LP000710,Jordan Jones,2026-06-05,804.0,6480.0,4330.0,140900.0,360,0.396,,,Semiurban,0,Approved
LP001383,Morgan Jones,2026-01-04,843.0,10880.0,1480.0,90900.0,360,0.182,1.1,Unemployed,Semiurban,0,Approved
LP001283,Cameron Anderson,2026-05-09,720.0,2880.0,5770.0,239700.0,360,0.42,12.7,Salaried,Semiurban,0,Approved
LP000973,Quinn Taylor,2025-07-11,731.0,4460.0,0.0,212200.0,360,0.357,3.5,Self-Employed,Semiurban,0,Rejected
LP000628,Riley Hernandez,2026-09-10,649.0,8090.0,4520.0,292400.0,360,0.307,9.9,Self-Employed,Semiurban,0,Approved
LP000633,Chris Brown,2025-07-01,647.0,4790.0,1960.0,171500.0,360,0.536,5.7,Salaried,Semiurban,3+,Approved
LP001307,Chris Moore,2025-06-28,662.0,3160.0,3970.0,95900.0,360,0.198,0.3,Contract,Urban,0,Approved
LP001401,Quinn Jones,2026-06-07,571.0,3790.0,0.0,124900.0,--,0.334,6.2,Salaried,Semiurban,3+,Rejected
LP001409,Pat Anderson,2025-05-29,633.0,6180.0,1730.0,230900.0,120,0.556,3.5,Salaried,Rural,0,Rejected
LP001249,Chris Wilson,2025-04-06,680.0,,0.0,228500.0,360,0.445,4.1,Salaried,Rural,NA,Rejected
LP000975,Peyton Williams,2026-01-06,622.0,5150.0,0.0,344500.0,360,0.453,0.0,Salaried,Semiurban,0,Rejected
LP001255,Avery Gonzalez,2026-05-03,764.0,3050.0,0.0,96600.0,360,0.336,6.4,Salaried,Urban,0,Approved
LP001497,Logan Anderson,2026-01-10,835.0,4650.0,2470.0,159300.0,360,0.424,2.6,Contract,Urban,0,Approved
LP001372,Peyton Gonzalez,2025-04-12,805.0,3130.0,1420.0,220500.0,360,0.442,0.6,Salaried,Urban,0,Rejected
LP001530,Peyton Thomas,2026-01-23,565.0,9830.0,0.0,231300.0,240,0.419,14.4,Salaried,Rural,0,Rejected
LP001664,Chris Brown,2026-01-02,608.0,5990.0,0.0,43100.0,480,0.197,7.7,Salaried,Rural,3+,Approved
LP001355,Avery Garcia,2025-06-03,611.0,8520.0,0.0,62300.0,360,0.214,5.2,Salaried,Semiurban,0,Approved
LP001926,Sam Johnson,2025-09-30,582.0,8920.0,0.0,250300.0,360,0.287,7.1,Salaried,Semiurban,0,Approved
LP001901,Cameron Garcia,2026-05-03,719.0,3780.0,0.0,265800.0,240,0.42,1.0,Contract,Urban,2,Rejected
LP001644,Pat Johnson,2026-05-27,698.0,2350.0,4950.0,246100.0,360,0.344,1.2,Self-Employed,Semiurban,1,Approved
LP001849,Sam Hernandez,2026-08-06,742.0,2990.0,0.0,47400.0,180,,10.3,Salaried,Semiurban,3+,Approved
LP000796,Jamie Martin,2026-02-08,750.0,4240.0,2000.0,264100.0,180,0.296,15.8,Salaried,Semiurban,3+,Approved
LP000646,Riley Martin,2025-06-14,637.0,1600.0,1540.0,169700.0,180,0.429,2.0,,Urban,0,Rejected
LP001013,Jamie Martin,2026-04-05,836.0,3770.0,0.0,298100.0,360,0.354,2.0,Self-Employed,Urban,3+,Rejected
LP001840,Cameron Martinez,2026-01-11,642.0,9430.0,1480.0,149000.0,240,0.437,0.4,Salaried,Semiurban,0,Approved
LP000557,Pat Gonzalez,2026-06-09,NA,21470.0,1510.0,20000.0,360,0.342,0.6,Self-Employed,Rural,1,Approved
LP000682,Jordan Martinez,2025-12-06,564.0,6200.0,1140.0,191300.0,360,0.463,17.9,Salaried,Rural,1,Rejected
LP000578,Sam Moore,2026-03-04,726.0,6660.0,0.0,341900.0,240,0.183,2.4,Unemployed,Semiurban,3+,Rejected
LP001110,Casey Martinez,2025-07-28,823.0,4030.0,1320.0,125700.0,360,0.322,7.0,Contract,Semiurban,0,Approved
LP001267,Logan Williams,2025-09-29,651.0,2150.0,0.0,20000.0,360,0.259,14.8,Salaried,Urban,0,Approved
LP001723,Skyler Wilson,2025-07-02,--,2780.0,0.0,235000.0,240,0.497,6.5,,Semiurban,0,Rejected
LP001184,Skyler Anderson,2025-12-28,527.0,10380.0,0.0,195600.0,360,0.374,3.7,Salaried,Urban,0,Rejected
LP000525,Cameron Williams,2026-05-26,595.0,5720.0,0.0,263400.0,180,0.362,0.8,Salaried,Urban,3+,Rejected
LP001060,Skyler Johnson,2026-06-19,628.0,3880.0,0.0,218300.0,360,0.568,4.7,NA,Urban,0,Rejected
LP000541,Dakota Jackson,2026-09-13,731.0,4880.0,0.0,278300.0,360,0.39,11.8,Salaried,Semiurban,1,Rejected
LP001195,Taylor Taylor,2026-07-27,525.0,6100.0,1650.0,169100.0,360,0.385,,Salaried,Semiurban,1,Rejected
LP001679,Quinn Jackson,2025-11-28,745.0,2270.0,590.0,68800.0,240,0.401,7.2,Salaried,Urban,0,Approved
LP000749,Cameron Taylor,2026-02-02,608.0,6710.0,6340.0,166300.0,480,0.319,1.7,Salaried,Rural,0,Approved
LP001852,Chris Williams,2025-11-29,811.0,2210.0,0.0,229000.0,240,0.345,4.7,Self-Employed,Rural,1,Rejected
LP001431,Reese Martinez,2026-06-18,686.0,14510.0,1490.0,190800.0,360,0.48,2.4,Self-Employed,Semiurban,0,Approved
LP000485,Alex Moore,2026-04-30,596.0,5500.0,2120.0,145600.0,360,0.355,2.8,Salaried,Urban,2,Approved
LP001758,Morgan Anderson,2025-11-08,741.0,9660.0,8720.0,258800.0,360,0.207,6.2,Salaried,Urban,1,Approved
LP000096,Riley Williams,2026-09-08,536.0,8610.0,1690.0,309800.0,480,0.247,1.5,Unemployed,Semiurban,1,Rejected
LP001021,Casey Anderson,2025-05-27,704.0,1890.0,2070.0,197500.0,360,0.259,1.4,Salaried,Semiurban,0,Rejected
LP000564,Alex Jackson,2025-08-03,632.0,4330.0,3330.0,--,240,0.229,0.7,Self-Employed,Semiurban,2,Approved
LP001265,Pat Hernandez,2025-08-29,674.0,7100.0,3340.0,198900.0,360,0.346,0.7,Unemployed,Semiurban,?,Rejected
LP000743,Alex Hernandez,2026-07-26,607.0,4820.0,1940.0,211400.0,360,0.313,1.7,Salaried,Semiurban,0,Rejected
LP000864,Casey Miller,2025-11-09,813.0,4190.0,0.0,280400.0,360,0.339,15.2,Self-Employed,Urban,2,Rejected
LP001599,Reese Smith,2026-03-30,662.0,2820.0,0.0,226900.0,360,0.498,0.2,Salaried,Semiurban,1,Rejected
LP001715,Jamie Smith,2026-02-24,614.0,8920.0,2940.0,271200.0,360,0.492,3.0,Self-Employed,Semiurban,0,Approved
LP001485,Pat Miller,2026-08-01,679.0,15310.0,4630.0,215400.0,360,0.3,6.5,Salaried,Semiurban,,Approved
LP000892,Riley Brown,2025-06-02,703.0,2300.0,0.0,259300.0,360,?,12.3,Salaried,Semiurban,2,Rejected
LP001578,Peyton Jones,2026-05-26,759.0,13820.0,5500.0,153200.0,120,0.339,9.2,Salaried,Urban,0,Approved
LP001039,Rowan Thomas,2026-06-20,679.0,2790.0,3360.0,138800.0,360,0.375,4.4,Salaried,Semiurban,3+,Approved
LP000207,Morgan Gonzalez,2025-07-04,704.0,4070.0,0.0,102100.0,360,0.232,2.8,Salaried,Urban,0,Approved
LP000393,Avery Davis,2026-08-06,548.0,6290.0,0.0,158200.0,360,0.382,1.3,Self-Employed,Semiurban,0,Rejected
LP000795,Cameron Wilson,2026-09-03,568.0,1390.0,0.0,144700.0,180,0.434,3.9,Salaried,Semiurban,3+,Rejected
LP000871,Dakota Martin,2025-10-15,645.0,4280.0,2140.0,149300.0,360,0.339,4.5,Salaried,Rural,0,Approved
LP000398,Jordan Moore,2026-01-03,NA,3190.0,0.0,103600.0,360,0.474,2.1,Salaried,Urban,2,Approved
LP000767,Jamie Jones,2025-10-24,657.0,6720.0,0.0,227100.0,360,0.329,18.9,Salaried,Urban,1,Rejected
LP001842,Chris Smith,2025-09-13,500.0,4000.0,0.0,165900.0,360,0.437,?,Self-Employed,Urban,0,Rejected
LP001242,Peyton Martin,2025-12-28,643.0,7020.0,1640.0,232000.0,480,0.4,3.9,Self-Employed,Semiurban,3+,Approved
LP001029,Chris Thomas,2026-09-03,,?,1610.0,133000.0,240,0.413,2.8,Self-Employed,Urban,2,Approved
LP001793,Logan Jackson,2025-11-19,646.0,5770.0,2160.0,227300.0,360,0.313,4.4,Salaried,Rural,0,Approved
LP000643,Logan Taylor,2026-07-24,638.0,4810.0,0.0,44100.0,240,0.346,0.2,Self-Employed,Urban,3+,Approved
LP001892,Rowan Thomas,2025-04-03,661.0,3450.0,0.0,275900.0,180,0.358,7.6,Self-Employed,Semiurban,1,Rejected
LP000613,Pat Anderson,2026-01-26,684.0,3090.0,0.0,302900.0,240,0.291,3.9,Salaried,Semiurban,1,Rejected
LP001763,Cameron Lopez,2025-04-14,666.0,5660.0,2320.0,198700.0,?,0.352,8.3,Salaried,Rural,0,Approved
LP000961,Avery Garcia,2026-09-11,715.0,3760.0,0.0,186600.0,180,0.393,6.5,null,Semiurban,3+,Rejected
LP001571,Reese Lopez,2025-06-04,728.0,6320.0,0.0,197800.0,240,0.287,17.0,Salaried,NA,null,Approved
LP000726,Avery Miller,2025-08-07,644.0,1840.0,0.0,31400.0,360,0.602,5.4,Self-Employed,Urban,0,Rejected
LP000684,Logan Brown,2025-10-28,702.0,5740.0,0.0,254700.0,480,0.401,3.2,Salaried,Semiurban,0,Rejected
LP000099,Riley Jackson,2025-09-16,660.0,4170.0,0.0,323900.0,360,0.388,4.4,Salaried,Semiurban,0,Rejected
LP000805,Avery Gonzalez,2026-06-09,623.0,4740.0,2140.0,184000.0,360,0.352,0.8,Salaried,Urban,0,Approved
LP001752,Cameron Taylor,2025-03-01,718.0,10160.0,1970.0,331000.0,360,0.346,15.7,Contract,Urban,0,Approved
LP001598,Riley Taylor,2026-01-30,835.0,10230.0,1240.0,176200.0,360,0.427,2.6,Self-Employed,Semiurban,,Approved
LP000407,Taylor Gonzalez,2025-02-17,569.0,4090.0,0.0,188000.0,360,0.393,0.1,Unemployed,Semiurban,1,Rejected
LP000503,Quinn Jones,2026-02-24,541.0,4750.0,0.0,276400.0,240,0.239,4.0,Salaried,Rural,0,Rejected
LP001072,Kendall Thomas,2025-04-11,701.0,3900.0,1180.0,214000.0,480,0.396,1.5,Self-Employed,Semiurban,0,Rejected
LP001057,Logan Jones,2026-07-07,658.0,6270.0,2130.0,2274000.0,360,0.289,7.7,Salaried,Urban,1,Approved
LP000930,Taylor Gonzalez,2026-06-15,654.0,4480.0,990.0,160100.0,180,0.353,6.4,Self-Employed,Urban,0,Approved
LP000780,Reese Jackson,2025-05-20,713.0,3860.0,1640.0,122900.0,360,0.32,0.5,Salaried,Rural,1,Approved
LP000201,Sam Davis,2025-12-17,690.0,4500.0,0.0,269200.0,360,0.238,1.7,Salaried,Rural,0,Rejected
LP000135,Dakota Moore,2025-09-04,582.0,3730.0,0.0,91700.0,360,0.303,1.4,Salaried,Semiurban,2,Rejected
LP001052,Casey Martin,2025-05-01,694.0,3200.0,0.0,174100.0,180,0.289,0.2,Salaried,Semiurban,2,Rejected
LP000041,Kendall Davis,2026-06-03,723.0,7330.0,6060.0,147900.0,360,0.206,0.2,Salaried,Urban,0,Approved
LP001018,Kendall Brown,2025-08-13,619.0,3700.0,0.0,192600.0,240,0.279,4.0,Contract,Rural,2,Rejected
LP000231,Pat Lopez,2025-01-05,598.0,4470.0,0.0,197700.0,360,0.253,4.7,Self-Employed,Rural,?,Rejected
LP001514,Chris Hernandez,2025-01-10,501.0,8200.0,0.0,99300.0,360,0.342,1.7,Salaried,Urban,0,Rejected
LP001797,Jamie Martin,2026-02-27,633.0,1650.0,2360.0,274300.0,120,0.4,5.2,Salaried,Rural,0,Rejected
LP000379,Kendall Taylor,2026-04-13,NA,6960.0,0.0,74500.0,360,0.478,0.2,Salaried,Semiurban,0,Approved
LP000289,Taylor Wilson,2025-01-21,684.0,4010.0,0.0,179700.0,180,1.66,0.0,Salaried,Semiurban,2,Rejected
LP000419,Peyton Wilson,2026-09-26,?,2810.0,1400.0,190800.0,180,0.424,6.3,Contract,Semiurban,,Rejected
LP001699,Cameron Williams,2026-09-27,704.0,7270.0,2740.0,100100.0,360,0.243,0.2,Salaried,Semiurban,0,Approved
LP000392,Morgan Miller,2026-05-10,702.0,6070.0,2870.0,164700.0,480,0.213,,Salaried,,2,Approved
LP000593,Logan Brown,2025-10-21,701.0,4410.0,10890.0,130900.0,180,0.679,2.4,Salaried,Semiurban,0,Approved
LP001523,Quinn Garcia,2026-02-26,641.0,5040.0,1010.0,106800.0,360,0.28,12.0,Contract,Urban,3+,Approved
LP001163,Alex Rodriguez,2026-03-26,542.0,4230.0,?,128700.0,360,0.481,0.4,Contract,Semiurban,2,Approved
LP001087,Morgan Miller,2026-08-15,748.0,4140.0,6740.0,225300.0,360,0.267,8.2,Contract,Semiurban,0,Approved
LP001496,Morgan Lopez,2025-11-12,831.0,2780.0,1100.0,155000.0,360,0.408,7.3,Self-Employed,Semiurban,0,Approved
LP000648,Avery Anderson,2025-09-19,655.0,5460.0,1430.0,184500.0,360,0.322,8.6,Salaried,Urban,0,Approved
LP001153,Chris Smith,2025-02-08,606.0,11210.0,0.0,216000.0,480,0.447,2.3,Self-Employed,Semiurban,0,Rejected
LP001368,Reese Thomas,2026-07-30,581.0,3010.0,6270.0,159600.0,480,0.311,8.6,Self-Employed,Rural,1,Approved
LP000521,Sam Wilson,2026-04-14,518.0,8400.0,2650.0,68400.0,360,0.403,17.4,Self-Employed,Rural,0,Approved
LP001863,Kendall Gonzalez,2025-03-22,727.0,3200.0,0.0,179000.0,360,0.31,2.3,Salaried,Rural,0,Rejected
LP000065,Alex Brown,2026-01-17,729.0,7440.0,0.0,46500.0,240,0.419,2.1,Salaried,Urban,0,Approved
LP001837,Kendall Martin,2025-06-09,563.0,5760.0,4120.0,270500.0,240,0.678,2.7,Contract,Semiurban,1,Rejected
LP000015,Chris Wilson,2025-11-07,513.0,6490.0,3840.0,183300.0,360,0.266,24.7,Salaried,Urban,0,Approved
LP001181,Quinn Moore,2025-03-30,675.0,4700.0,0.0,149900.0,360,0.458,3.9,Salaried,Rural,,Approved
LP001065,Rowan Taylor,2026-03-16,629.0,3670.0,1320.0,194100.0,360,0.429,0.0,Self-Employed,Semiurban,2,Rejected
LP000493,Riley Anderson,2025-12-30,667.0,2580.0,0.0,394900.0,360,0.327,8.1,Salaried,Rural,0,Rejected
LP000380,Logan Wilson,2025-10-06,591.0,7510.0,2130.0,82600.0,360,0.34,0.1,Salaried,Semiurban,0,Approved
LP000188,Dakota Moore,2025-03-14,654.0,10660.0,0.0,88100.0,480,0.432,5.6,Self-Employed,Urban,1,Approved
LP000764,Peyton Jackson,2026-01-02,652.0,2440.0,4340.0,145100.0,240,0.368,8.9,Self-Employed,Urban,2,Approved
LP000217,Cameron Moore,2025-08-03,--,3280.0,0.0,62000.0,360,0.055,21.7,Salaried,Rural,2,Approved
LP000792,Skyler Martin,2025-02-12,678.0,6200.0,2390.0,274800.0,240,0.287,0.2,Salaried,Semiurban,0,Approved
LP001077,Peyton Martinez,2025-08-27,528.0,5410.0,5220.0,255500.0,360,0.268,5.0,Salaried,Urban,1,Rejected
LP000879,Rowan Lopez,2026-06-04,659.0,7910.0,0.0,155800.0,360,0.415,3.5,Contract,Semiurban,0,Rejected
LP000338,Pat Williams,2025-04-02,633.0,4330.0,0.0,268400.0,180,0.518,3.7,Contract,Urban,3+,Rejected
LP001773,Dakota Gonzalez,2026-07-26,607.0,2170.0,3980.0,254700.0,,0.381,9.3,null,Semiurban,0,Rejected
LP000720,Avery Jackson,2025-06-21,655.0,6720.0,2850.0,192500.0,360,0.234,3.2,Salaried,Semiurban,2,Approved
LP001749,Pat Hernandez,2026-07-26,676.0,7840.0,1900.0,222800.0,180,0.302,3.2,Salaried,NA,0,Approved
LP000296,Cameron Thomas,2026-07-15,601.0,5180.0,1180.0,,360,0.446,4.7,Salaried,Rural,1,Approved
LP001726,Morgan Taylor,2025-04-20,752.0,5100.0,700.0,154300.0,360,0.425,6.5,Salaried,Urban,2,Approved
LP001017,Logan Taylor,2025-06-24,605.0,5860.0,1540.0,249400.0,180,0.332,,Contract,Urban,0,Rejected
LP001276,Avery Smith,2025-05-03,672.0,3000.0,1210.0,91900.0,180,0.431,3.4,,Urban,0,Rejected
LP001751,Riley Lopez,2026-01-13,430.0,8370.0,2950.0,271500.0,360,0.278,6.3,NA,Semiurban,2,Rejected
LP001486,Casey Williams,2026-03-22,739.0,7670.0,1130.0,275400.0,360,0.355,4.7,Salaried,Urban,1,Approved
LP000456,Chris Thomas,2026-04-03,593.0,NA,6660.0,118200.0,360,0.418,0.2,Contract,Rural,1,Approved
LP001554,Peyton Rodriguez,2026-05-19,590.0,5040.0,0.0,106000.0,360,0.289,6.3,?,Semiurban,0,Rejected
LP000816,Pat Davis,2025-02-25,534.0,7410.0,3290.0,254900.0,360,0.07,1.5,Salaried,Semiurban,2,Approved
LP001887,Peyton Moore,2026-02-07,591.0,9130.0,0.0,161500.0,480,0.409,1.9,Self-Employed,Semiurban,0,Rejected
LP000270,Reese Jones,2025-01-20,671.0,4340.0,0.0,100600.0,240,0.497,3.0,Salaried,Urban,,Rejected
LP000996,Sam Garcia,2025-05-18,636.0,2770.0,0.0,164600.0,480,0.128,4.0,Salaried,Urban,1,Rejected
LP000202,Chris Garcia,2026-02-24,708.0,11280.0,0.0,230000.0,480,null,2.4,Self-Employed,Semiurban,1,Approved
LP000162,Rowan Jackson,2025-10-28,727.0,4530.0,2100.0,177000.0,180,0.449,1.5,Salaried,Semiurban,0,Approved
LP001580,Jamie Johnson,2026-04-20,591.0,2910.0,5800.0,157500.0,360,0.491,24.2,Salaried,Semiurban,0,Rejected
LP000730,Quinn Wilson,2026-07-05,594.0,4310.0,0.0,211100.0,180,0.399,5.7,Salaried,Urban,0,Rejected
LP000402,Avery Thomas,2026-05-10,609.0,6690.0,2270.0,256100.0,360,0.428,6.9,Salaried,Semiurban,0,Rejected
LP000703,Taylor Taylor,2025-09-20,600.0,6340.0,0.0,140300.0,120,0.291,0.9,Salaried,Urban,0,Approved
LP001501,Sam Hernandez,2025-11-07,726.0,3870.0,1530.0,20000.0,360,0.404,1.7,Salaried,Semiurban,0,Approved
LP001846,Jamie Martin,2025-04-05,573.0,4180.0,0.0,193600.0,240,0.205,12.3,Self-Employed,Semiurban,0,Rejected
LP001796,Chris Smith,2026-01-16,596.0,4490.0,1250.0,151700.0,360,0.318,5.5,Unemployed,Rural,1,Rejected
LP001130,Alex Moore,2025-04-13,688.0,4340.0,0.0,224500.0,360,0.162,7.0,Salaried,Rural,0,Rejected
LP000566,Quinn Martinez,2025-12-20,625.0,5790.0,2710.0,109400.0,360,0.478,5.6,Contract,Urban,0,Rejected
LP001414,Jamie Anderson,2026-08-09,844.0,2500.0,1460.0,159300.0,360,0.411,17.4,Salaried,Urban,0,Approved
LP001022,Riley Jones,2026-08-20,611.0,4750.0,0.0,267400.0,180,0.322,,Self-Employed,Semiurban,2,Rejected
LP001026,Riley Garcia,2025-06-21,697.0,5180.0,1340.0,20000.0,360,0.378,8.5,Salaried,Rural,0,Approved
LP001412,Cameron Hernandez,2026-03-08,707.0,2110.0,1740.0,148200.0,120,0.427,0.6,Salaried,Semiurban,2,Approved
LP001896,Taylor Thomas,2026-02-08,629.0,7440.0,0.0,40000.0,360,0.369,4.2,Salaried,Rural,2,Approved
LP001586,Pat Jones,2025-09-30,719.0,10910.0,0.0,64100.0,360,0.319,6.0,Salaried,Rural,3+,Approved
LP001105,Avery Davis,2026-08-02,754.0,11700.0,1620.0,328800.0,360,0.37,2.2,Salaried,Semiurban,0,Approved
LP000206,Casey Garcia,2025-11-20,580.0,3610.0,0.0,118300.0,null,0.244,,Salaried,Rural,0,Rejected
LP000035,Logan Miller,2026-01-18,,7920.0,750.0,351700.0,360,0.267,1.7,Salaried,Rural,1,Approved
LP000776,Logan Martinez,2026-05-01,527.0,4920.0,6310.0,,360,0.344,12.3,Salaried,Urban,0,Approved
LP000509,Pat Davis,2025-05-04,664.0,6310.0,5150.0,223800.0,360,0.398,2.5,Self-Employed,Urban,2,Approved
LP001452,Skyler Taylor,2026-06-21,805.0,6530.0,2380.0,134500.0,360,0.309,9.1,Salaried,Semiurban,0,Approved
LP001479,Chris Garcia,2025-05-19,585.0,6140.0,0.0,59800.0,360,0.285,6.7,Self-Employed,Urban,0,Approved
LP000556,Reese Martinez,2026-09-09,625.0,3250.0,0.0,243700.0,360,0.291,0.2,Self-Employed,Urban,0,Rejected
LP001391,Rowan Martin,2025-12-26,?,7000.0,0.0,151900.0,180,0.461,18.1,Salaried,?,0,Approved
LP000092,Avery Gonzalez,2025-01-10,742.0,4010.0,1640.0,157100.0,360,0.379,2.3,Salaried,Rural,1,Approved
LP001364,Jamie Martin,2025-11-20,577.0,2960.0,0.0,246400.0,360,0.295,3.1,Self-Employed,,0,Rejected
LP000898,Chris Jones,2025-05-18,672.0,32800.0,3540.0,238600.0,180,0.242,1.6,Self-Employed,Semiurban,1,Rejected
LP000565,Jordan Martin,2025-10-25,762.0,4620.0,0.0,210900.0,360,0.331,4.5,Salaried,Semiurban,0,Rejected
LP001370,Kendall Gonzalez,2025-02-18,585.0,15680.0,0.0,156700.0,360,0.36,3.7,Salaried,Semiurban,2,Approved
LP000777,Taylor Williams,2025-06-10,NA,8150.0,0.0,193700.0,360,0.371,3.7,Salaried,Urban,0,Rejected
LP000242,Peyton Martinez,2025-09-12,650.0,6190.0,2510.0,142200.0,360,0.312,3.4,NA,Semiurban,2,Approved
LP000014,Casey Smith,2025-12-12,497.0,6790.0,1760.0,154100.0,180,0.458,5.2,Self-Employed,Urban,0,Rejected
LP000316,Reese Hernandez,2025-04-27,662.0,8920.0,3040.0,289200.0,360,0.405,1.6,Contract,Rural,3+,Rejected
LP000601,Jordan Johnson,2026-01-03,724.0,2220.0,0.0,110300.0,180,0.234,0.1,Salaried,Semiurban,0,Approved
LP000388,Pat Miller,2025-06-13,819.0,5040.0,2710.0,50700.0,240,0.244,0.1,Salaried,Urban,0,Approved
LP001298,Jamie Davis,2025-02-25,635.0,3410.0,2130.0,213400.0,240,0.358,7.6,Self-Employed,Semiurban,,Rejected
LP000167,Taylor Davis,2026-07-27,730.0,4380.0,3120.0,1261000.0,360,0.366,5.7,Self-Employed,Semiurban,2,Approved
LP000841,Jordan Thomas,2026-09-24,656.0,6620.0,0.0,56100.0,360,0.464,2.8,Contract,Rural,1,Approved
LP000021,Logan Martin,2025-05-18,785.0,6610.0,1870.0,132700.0,360,0.347,8.4,Salaried,Semiurban,0,Approved
LP000647,Jordan Taylor,2026-08-22,431.0,3630.0,0.0,94400.0,360,0.434,15.8,Salaried,Semiurban,0,Rejected
LP001843,Peyton Gonzalez,2025-08-27,613.0,5590.0,0.0,250400.0,360,0.366,1.4,Contract,Semiurban,2,Rejected
LP001509,Dakota Garcia,2026-07-02,668.0,4960.0,0.0,174900.0,180,0.342,0.4,Salaried,Semiurban,0,Rejected
LP001155,Peyton Miller,2026-02-15,800.0,3410.0,0.0,,180,0.237,?,Self-Employed,Rural,0,Rejected
LP001529,Chris Anderson,2026-02-04,618.0,8750.0,12090.0,222400.0,360,0.426,17.8,--,Urban,2,Approved
LP000832,Riley Martinez,2025-04-13,582.0,3550.0,0.0,228100.0,360,0.505,2.2,Contract,Urban,0,Rejected
LP001268,Kendall Miller,2025-07-31,583.0,3780.0,0.0,163500.0,360,0.449,2.2,Salaried,Urban,0,Rejected
LP001591,Chris Johnson,2025-07-05,569.0,5800.0,0.0,150700.0,120,0.253,1.7,Contract,Semiurban,0,Rejected
LP001900,Taylor Moore,2025-03-26,635.0,2400.0,0.0,157000.0,360,0.415,12.9,Contract,Rural,0,Rejected
LP000563,Cameron Rodriguez,2025-07-25,734.0,6470.0,1340.0,71700.0,360,0.182,6.4,Contract,Urban,0,Approved
LP001406,Logan Rodriguez,2026-09-21,--,4520.0,1200.0,196900.0,360,0.377,0.4,Self-Employed,Semiurban,0,Rejected
LP000687,Quinn Davis,2026-06-28,640.0,5410.0,4000.0,267300.0,240,0.362,11.0,Salaried,Rural,0,Approved
LP000958,Jamie Lopez,2025-12-20,699.0,2790.0,1040.0,78500.0,360,0.362,0.5,Salaried,Semiurban,1,Approved
LP000190,Taylor Jones,2025-07-19,531.0,2360.0,2230.0,136200.0,360,0.288,9.1,Contract,Urban,1,Rejected
LP001807,Cameron Lopez,2025-09-18,683.0,5180.0,2090.0,51800.0,360,0.454,0.3,Salaried,Rural,null,Approved
LP000976,Sam Hernandez,2026-09-09,,5580.0,5440.0,251700.0,360,0.219,7.6,Salaried,Rural,1,Rejected
LP000700,Sam Jackson,2026-01-26,644.0,7720.0,1020.0,280100.0,360,0.325,8.1,Salaried,Semiurban,1,Approved
LP001500,Peyton Williams,2025-06-09,710.0,4000.0,1280.0,131400.0,360,0.33,8.8,Salaried,Semiurban,,Approved
LP001706,Avery Martin,2026-02-01,NA,5900.0,0.0,149700.0,240,0.345,1.0,Salaried,Rural,1,Approved
LP000511,Riley Wilson,2025-08-09,683.0,86200.0,1100.0,192500.0,360,0.207,0.4,Self-Employed,Semiurban,3+,Approved
LP001083,Chris Taylor,2025-09-21,633.0,6170.0,1550.0,214400.0,360,0.267,1.6,Self-Employed,Urban,1,Rejected
LP000475,Skyler Lopez,2026-04-13,800.0,2290.0,0.0,105000.0,360,0.323,9.2,Contract,Urban,2,Rejected
LP001585,Alex Wilson,2025-02-27,696.0,14020.0,0.0,230000.0,360,0.437,4.0,Self-Employed,Rural,0,Approved
LP000857,Morgan Hernandez,2026-01-04,589.0,4720.0,0.0,248600.0,360,0.3,2.6,Salaried,Urban,1,Rejected
LP000748,Dakota Jackson,2026-02-22,596.0,2550.0,0.0,109000.0,180,0.441,6.6,Salaried,,0,Rejected
LP000253,Rowan Hernandez,2025-03-08,840.0,7040.0,1330.0,252400.0,360,0.456,4.0,Contract,Rural,2,Approved
LP000022,Casey Johnson,2025-11-04,641.0,1130.0,2610.0,223100.0,360,0.402,9.3,Salaried,Semiurban,2,Rejected
LP001338,Cameron Gonzalez,2026-01-09,634.0,4420.0,0.0,191000.0,180,0.241,,Salaried,Semiurban,2,Rejected
LP000460,Quinn Williams,2025-01-19,558.0,2770.0,1980.0,152900.0,480,0.384,0.3,Self-Employed,Semiurban,2,Rejected
LP001185,Skyler Lopez,2026-02-09,576.0,5020.0,0.0,20000.0,480,0.213,14.7,Salaried,Semiurban,3+,Approved
LP000277,Quinn Anderson,2026-06-01,677.0,9990.0,4380.0,294000.0,360,0.222,3.4,Salaried,Semiurban,3+,Approved
LP000956,Reese Garcia,2026-02-20,755.0,7150.0,5220.0,209100.0,360,,8.0,Salaried,Rural,1,Approved
LP001216,Sam Lopez,2025-12-15,766.0,2050.0,7180.0,165100.0,360,0.402,3.7,Salaried,Urban,2,Approved
LP000386,Jamie Brown,2025-05-16,673.0,6550.0,3680.0,177700.0,360,0.351,0.0,Salaried,Semiurban,2,Approved
LP000806,Sam Martin,2025-05-26,634.0,3920.0,0.0,80500.0,360,0.313,2.3,Self-Employed,Rural,0,Approved
LP001438,Rowan Thomas,2025-08-29,797.0,5110.0,1500.0,186100.0,180,0.54,0.5,Salaried,Semiurban,0,Approved
LP001516,Jordan Lopez,2025-10-27,?,2520.0,0.0,333400.0,360,0.209,5.0,Self-Employed,Rural,0,Rejected
LP000344,Dakota Lopez,2026-06-08,617.0,3280.0,0.0,180900.0,360,0.461,2.0,Contract,Semiurban,0,Rejected
LP000770,Avery Rodriguez,2025-03-30,814.0,5230.0,0.0,138100.0,360,,3.7,Salaried,Rural,0,Approved
LP001333,Cameron Anderson,2026-05-26,642.0,1680.0,2920.0,92400.0,240,0.498,0.1,NA,Rural,1,Rejected
LP001686,Riley Johnson,2026-06-28,761.0,5620.0,0.0,152500.0,360,,13.9,Self-Employed,Semiurban,?,Approved
LP000131,Jordan Garcia,2025-11-02,528.0,4920.0,0.0,310900.0,120,0.461,2.8,Self-Employed,Semiurban,1,Rejected
LP001688,Cameron Jones,2026-04-06,677.0,5910.0,1960.0,223000.0,360,0.205,16.3,Self-Employed,Urban,0,Approved
LP000872,Reese Williams,2025-05-24,592.0,7500.0,0.0,100800.0,360,0.338,5.1,Salaried,Rural,0,Approved
LP001124,Riley Johnson,2026-02-12,563.0,,1560.0,160300.0,360,0.232,20.0,,Urban,2,Approved
LP001397,Skyler Garcia,2025-06-28,545.0,4260.0,0.0,154200.0,360,0.261,3.6,Self-Employed,Semiurban,,Rejected
LP000088,Chris Rodriguez,2025-10-03,688.0,3810.0,3550.0,152500.0,120,0.363,9.3,Salaried,Semiurban,0,Approved
LP001483,Peyton Wilson,2026-09-04,807.0,6380.0,1620.0,148100.0,360,0.442,0.6,,Rural,0,Rejected
LP000331,Logan Garcia,2026-05-24,659.0,2070.0,2480.0,205000.0,180,0.284,5.8,Salaried,Urban,0,Rejected
LP001239,Sam Taylor,2025-08-24,708.0,7680.0,0.0,232000.0,360,0.399,0.8,Salaried,Rural,1,Approved
LP000467,Kendall Johnson,2025-01-01,712.0,6480.0,0.0,113100.0,180,0.688,9.0,Salaried,Rural,0,Rejected
LP000122,Casey Anderson,2025-11-02,583.0,9120.0,3110.0,189100.0,360,0.308,0.9,Self-Employed,Rural,1,Approved
LP001639,Logan Moore,2025-06-08,835.0,9130.0,0.0,165400.0,480,0.272,0.9,Self-Employed,Urban,0,Approved
LP001045,Jordan Gonzalez,2025-07-01,645.0,3050.0,0.0,226000.0,360,0.427,3.5,Salaried,Semiurban,1,Rejected
LP001725,Taylor Jackson,2025-07-26,580.0,4760.0,0.0,105700.0,360,0.352,7.1,Salaried,Urban,,Approved
LP001096,Jamie Thomas,2026-01-06,653.0,1760.0,2890.0,136700.0,360,0.504,24.7,Unemployed,Semiurban,null,Rejected
LP001131,Chris Wilson,2025-08-08,687.0,8960.0,0.0,180200.0,360,0.317,0.3,Salaried,Rural,2,Approved
LP001295,Peyton Jackson,2025-08-16,?,4510.0,1810.0,154300.0,360,0.281,5.4,Self-Employed,Urban,2,Rejected
LP000861,Quinn Anderson,2026-04-19,677.0,4640.0,0.0,196000.0,360,0.444,4.8,Salaried,Urban,2,Rejected
LP001460,Morgan Martinez,2025-11-13,717.0,13680.0,2300.0,224400.0,180,0.364,4.6,Salaried,Semiurban,3+,Approved
LP001127,Morgan Wilson,2025-08-24,686.0,7240.0,0.0,258600.0,360,2.25,0.9,Self-Employed,Semiurban,2,Rejected
